"order_year","customer_state","payment_type","month_num","month_name","total_revenue","num_orders"
"2016","Alagoas","credit_card","10","October  ","49.99","1"
"2016","Bahia","boleto","10","October  ","19.99","1"
"2016","Bahia","credit_card","10","October  ","224.89","2"
"2016","Ceará","boleto","10","October  ","179.89","2"
"2016","Ceará","credit_card","10","October  ","1469.79","4"
"2016","Distrito Federal","credit_card","10","October  ","934.87","6"
"2016","Espírito Santo","boleto","10","October  ","99.90","1"
"2016","Espírito Santo","credit_card","10","October  ","759.89","2"
"2016","Goiás","credit_card","10","October  ","904.49","7"
"2016","Maranhão","boleto","10","October  ","77.90","1"
"2016","Maranhão","credit_card","10","October  ","236.86","3"
"2016","Mato Grosso","credit_card","10","October  ","23.90","1"
"2016","Minas Gerais","boleto","10","October  ","302.87","5"
"2016","Minas Gerais","credit_card","10","October  ","3824.39","30"
"2016","Pará","boleto","10","October  ","629.90","1"
"2016","Pará","credit_card","10","October  ","397.80","3"
"2016","Paraíba","boleto","10","October  ","49.90","1"
"2016","Paraná","boleto","10","October  ","200.80","3"
"2016","Paraná","credit_card","10","October  ","1599.55","15"
"2016","Paraná","voucher","10","October  ","59.90","1"
"2016","Pernambuco","boleto","10","October  ","274.80","3"
"2016","Pernambuco","credit_card","10","October  ","974.80","3"
"2016","Piauí","credit_card","10","October  ","210.00","1"
"2016","Rio de Janeiro","boleto","10","October  ","1537.77","9"
"2016","Rio de Janeiro","credit_card","10","October  ","6028.13","28"
"2016","Rio de Janeiro","voucher","10","October  ","126.89","3"
"2016","Rio Grande do Norte","credit_card","10","October  ","528.79","4"
"2016","Rio Grande do Sul","boleto","10","October  ","472.97","8"
"2016","Rio Grande do Sul","credit_card","10","October  ","2050.58","9"
"2016","RR","boleto","10","October  ","39.70","1"
"2016","Santa Catarina","credit_card","10","October  ","1788.36","9"
"2016","São Paulo","boleto","10","October  ","1696.07","14"
"2016","São Paulo","credit_card","10","October  ","9178.80","77"
"2016","São Paulo","debit_card","10","October  ","209.89","2"
"2016","São Paulo","voucher","10","October  ","16.90","1"
"2016","Sergipe","boleto","10","October  ","58.00","1"
"2016","Sergipe","credit_card","10","October  ","227.45","2"
"2016","Paraná","credit_card","12","December ","10.90","1"
"2017","AC","credit_card","1","January  ","489.70","2"
"2017","Alagoas","credit_card","1","January  ","261.98","2"
"2017","Bahia","boleto","1","January  ","283.88","4"
"2017","Bahia","credit_card","1","January  ","3429.17","20"
"2017","Ceará","credit_card","1","January  ","894.49","8"
"2017","Distrito Federal","boleto","1","January  ","204.80","3"
"2017","Distrito Federal","credit_card","1","January  ","1522.83","10"
"2017","Espírito Santo","boleto","1","January  ","70.70","3"
"2017","Espírito Santo","credit_card","1","January  ","693.60","5"
"2017","Espírito Santo","voucher","1","January  ","51.90","1"
"2017","Goiás","boleto","1","January  ","569.96","5"
"2017","Goiás","credit_card","1","January  ","2736.98","13"
"2017","Maranhão","boleto","1","January  ","375.40","3"
"2017","Maranhão","credit_card","1","January  ","187.70","3"
"2017","Mato Grosso","boleto","1","January  ","18.99","1"
"2017","Mato Grosso","credit_card","1","January  ","1291.76","8"
"2017","Mato Grosso do Sul","credit_card","1","January  ","149.00","1"
"2017","Minas Gerais","boleto","1","January  ","1320.77","15"
"2017","Minas Gerais","credit_card","1","January  ","13056.66","85"
"2017","Minas Gerais","debit_card","1","January  ","49.00","1"
"2017","Minas Gerais","voucher","1","January  ","29.99","1"
"2017","Pará","boleto","1","January  ","568.79","4"
"2017","Pará","credit_card","1","January  ","689.58","6"
"2017","Paraíba","boleto","1","January  ","349.90","1"
"2017","Paraíba","credit_card","1","January  ","59.90","1"
"2017","Paraná","boleto","1","January  ","1081.96","39"
"2017","Paraná","credit_card","1","January  ","3188.99","21"
"2017","Paraná","debit_card","1","January  ","109.89","2"
"2017","Pernambuco","boleto","1","January  ","172.90","2"
"2017","Pernambuco","credit_card","1","January  ","1711.58","7"
"2017","Piauí","boleto","1","January  ","37.99","1"
"2017","Piauí","credit_card","1","January  ","1212.86","6"
"2017","Rio de Janeiro","boleto","1","January  ","1821.16","21"
"2017","Rio de Janeiro","credit_card","1","January  ","9181.61","67"
"2017","Rio de Janeiro","debit_card","1","January  ","119.90","1"
"2017","Rio de Janeiro","voucher","1","January  ","114.80","2"
"2017","Rio Grande do Norte","credit_card","1","January  ","488.87","4"
"2017","Rio Grande do Norte","voucher","1","January  ","636.00","1"
"2017","Rio Grande do Sul","boleto","1","January  ","1737.79","14"
"2017","Rio Grande do Sul","credit_card","1","January  ","9694.71","35"
"2017","Rio Grande do Sul","debit_card","1","January  ","87.90","1"
"2017","Rio Grande do Sul","voucher","1","January  ","205.89","2"
"2017","Rondônia","boleto","1","January  ","99.90","1"
"2017","Rondônia","credit_card","1","January  ","582.29","2"
"2017","Santa Catarina","boleto","1","January  ","1077.79","6"
"2017","Santa Catarina","credit_card","1","January  ","3694.35","19"
"2017","Santa Catarina","debit_card","1","January  ","117.30","1"
"2017","São Paulo","boleto","1","January  ","6495.50","62"
"2017","São Paulo","credit_card","1","January  ","27944.85","210"
"2017","São Paulo","debit_card","1","January  ","91.89","3"
"2017","São Paulo","voucher","1","January  ","774.37","8"
"2017","Sergipe","boleto","1","January  ","178.90","2"
"2017","Sergipe","credit_card","1","January  ","84.90","2"
"2017","Tocantins","boleto","1","January  ","349.90","1"
"2017","Tocantins","credit_card","1","January  ","279.99","1"
"2017","AC","credit_card","2","February ","225.70","3"
"2017","Alagoas","boleto","2","February ","349.90","1"
"2017","Alagoas","credit_card","2","February ","2146.14","10"
"2017","Alagoas","voucher","2","February ","119.99","1"
"2017","Amapá","boleto","2","February ","349.90","1"
"2017","Amapá","credit_card","2","February ","39.99","1"
"2017","Amazonas","credit_card","2","February ","902.89","8"
"2017","Bahia","boleto","2","February ","1298.22","13"
"2017","Bahia","credit_card","2","February ","4774.90","40"
"2017","Bahia","voucher","2","February ","421.69","5"
"2017","Ceará","boleto","2","February ","538.52","6"
"2017","Ceará","credit_card","2","February ","1475.77","6"
"2017","Ceará","voucher","2","February ","55.90","1"
"2017","Distrito Federal","boleto","2","February ","1171.46","8"
"2017","Distrito Federal","credit_card","2","February ","8660.35","13"
"2017","Espírito Santo","boleto","2","February ","558.99","5"
"2017","Espírito Santo","credit_card","2","February ","3111.92","26"
"2017","Goiás","boleto","2","February ","1167.34","12"
"2017","Goiás","credit_card","2","February ","1066.47","12"
"2017","Maranhão","boleto","2","February ","377.58","6"
"2017","Maranhão","credit_card","2","February ","517.70","5"
"2017","Mato Grosso","boleto","2","February ","1524.90","5"
"2017","Mato Grosso","credit_card","2","February ","1297.70","12"
"2017","Mato Grosso do Sul","boleto","2","February ","81.94","2"
"2017","Mato Grosso do Sul","credit_card","2","February ","7283.87","8"
"2017","Mato Grosso do Sul","voucher","2","February ","32.99","1"
"2017","Minas Gerais","boleto","2","February ","5099.19","62"
"2017","Minas Gerais","credit_card","2","February ","21892.40","174"
"2017","Minas Gerais","voucher","2","February ","352.59","5"
"2017","Pará","boleto","2","February ","675.88","5"
"2017","Pará","credit_card","2","February ","8605.32","19"
"2017","Paraíba","boleto","2","February ","405.54","3"
"2017","Paraíba","credit_card","2","February ","1124.49","6"
"2017","Paraíba","voucher","2","February ","369.80","2"
"2017","Paraná","boleto","2","February ","2297.38","16"
"2017","Paraná","credit_card","2","February ","13344.57","93"
"2017","Paraná","voucher","2","February ","9.90","1"
"2017","Pernambuco","boleto","2","February ","654.87","6"
"2017","Pernambuco","credit_card","2","February ","2034.64","13"
"2017","Pernambuco","voucher","2","February ","15.32","1"
"2017","Piauí","credit_card","2","February ","2966.69","10"
"2017","Rio de Janeiro","boleto","2","February ","5213.49","43"
"2017","Rio de Janeiro","credit_card","2","February ","21984.61","180"
"2017","Rio de Janeiro","debit_card","2","February ","166.50","3"
"2017","Rio de Janeiro","voucher","2","February ","232.88","4"
"2017","Rio Grande do Norte","credit_card","2","February ","398.90","8"
"2017","Rio Grande do Sul","boleto","2","February ","3996.71","28"
"2017","Rio Grande do Sul","credit_card","2","February ","10499.76","71"
"2017","Rio Grande do Sul","debit_card","2","February ","58.99","1"
"2017","Rondônia","boleto","2","February ","699.80","3"
"2017","Rondônia","credit_card","2","February ","676.56","5"
"2017","Rondônia","debit_card","2","February ","69.90","1"
"2017","RR","credit_card","2","February ","50.80","2"
"2017","Santa Catarina","boleto","2","February ","975.86","16"
"2017","Santa Catarina","credit_card","2","February ","4891.21","40"
"2017","Santa Catarina","voucher","2","February ","29.99","1"
"2017","São Paulo","boleto","2","February ","15759.54","128"
"2017","São Paulo","credit_card","2","February ","53657.95","457"
"2017","São Paulo","debit_card","2","February ","914.19","8"
"2017","São Paulo","voucher","2","February ","483.96","8"
"2017","Sergipe","boleto","2","February ","85.90","2"
"2017","Sergipe","credit_card","2","February ","1248.13","8"
"2017","Sergipe","voucher","2","February ","49.99","2"
"2017","Tocantins","credit_card","2","February ","765.60","7"
"2017","AC","credit_card","3","March    ","455.99","2"
"2017","Alagoas","boleto","3","March    ","437.30","4"
"2017","Alagoas","credit_card","3","March    ","737.49","6"
"2017","Amapá","credit_card","3","March    ","303.79","3"
"2017","Amazonas","credit_card","3","March    ","631.39","5"
"2017","Bahia","boleto","3","March    ","3456.78","14"
"2017","Bahia","credit_card","3","March    ","10182.88","65"
"2017","Bahia","debit_card","3","March    ","368.75","3"
"2017","Bahia","voucher","3","March    ","172.99","3"
"2017","Ceará","boleto","3","March    ","865.56","7"
"2017","Ceará","credit_card","3","March    ","5104.42","19"
"2017","Distrito Federal","boleto","3","March    ","238.50","9"
"2017","Distrito Federal","credit_card","3","March    ","6158.05","41"
"2017","Distrito Federal","voucher","3","March    ","25.00","1"
"2017","Espírito Santo","boleto","3","March    ","921.54","12"
"2017","Espírito Santo","credit_card","3","March    ","3571.77","35"
"2017","Goiás","boleto","3","March    ","2006.25","11"
"2017","Goiás","credit_card","3","March    ","5184.32","36"
"2017","Maranhão","boleto","3","March    ","1073.64","11"
"2017","Maranhão","credit_card","3","March    ","793.27","11"
"2017","Mato Grosso","boleto","3","March    ","843.67","6"
"2017","Mato Grosso","credit_card","3","March    ","633.87","9"
"2017","Mato Grosso","debit_card","3","March    ","149.90","1"
"2017","Mato Grosso do Sul","boleto","3","March    ","354.59","6"
"2017","Mato Grosso do Sul","credit_card","3","March    ","5800.96","13"
"2017","Minas Gerais","boleto","3","March    ","7828.78","84"
"2017","Minas Gerais","credit_card","3","March    ","29676.88","243"
"2017","Minas Gerais","debit_card","3","March    ","449.78","5"
"2017","Minas Gerais","voucher","3","March    ","669.38","11"
"2017","Pará","boleto","3","March    ","1195.22","6"
"2017","Pará","credit_card","3","March    ","5479.85","28"
"2017","Pará","voucher","3","March    ","59.90","1"
"2017","Paraíba","boleto","3","March    ","69.90","1"
"2017","Paraíba","credit_card","3","March    ","4318.09","15"
"2017","Paraná","boleto","3","March    ","2307.42","26"
"2017","Paraná","credit_card","3","March    ","11143.40","87"
"2017","Paraná","debit_card","3","March    ","198.99","2"
"2017","Paraná","voucher","3","March    ","353.60","5"
"2017","Pernambuco","boleto","3","March    ","621.48","11"
"2017","Pernambuco","credit_card","3","March    ","4079.97","23"
"2017","Pernambuco","voucher","3","March    ","167.90","2"
"2017","Piauí","boleto","3","March    ","154.89","2"
"2017","Piauí","credit_card","3","March    ","1782.62","11"
"2017","Rio de Janeiro","boleto","3","March    ","6629.02","64"
"2017","Rio de Janeiro","credit_card","3","March    ","42840.58","288"
"2017","Rio de Janeiro","debit_card","3","March    ","446.86","5"
"2017","Rio de Janeiro","voucher","3","March    ","1608.97","13"
"2017","Rio Grande do Norte","boleto","3","March    ","351.78","4"
"2017","Rio Grande do Norte","credit_card","3","March    ","1389.94","9"
"2017","Rio Grande do Sul","boleto","3","March    ","3066.26","36"
"2017","Rio Grande do Sul","credit_card","3","March    ","15315.30","107"
"2017","Rio Grande do Sul","voucher","3","March    ","20.00","1"
"2017","Rondônia","boleto","3","March    ","353.79","4"
"2017","Rondônia","credit_card","3","March    ","1372.07","12"
"2017","RR","boleto","3","March    ","34.99","1"
"2017","RR","credit_card","3","March    ","236.00","1"
"2017","Santa Catarina","boleto","3","March    ","2789.57","27"
"2017","Santa Catarina","credit_card","3","March    ","13912.64","74"
"2017","Santa Catarina","debit_card","3","March    ","36.90","1"
"2017","Santa Catarina","voucher","3","March    ","117.80","2"
"2017","São Paulo","boleto","3","March    ","24297.85","208"
"2017","São Paulo","credit_card","3","March    ","98274.86","726"
"2017","São Paulo","debit_card","3","March    ","1056.48","13"
"2017","São Paulo","voucher","3","March    ","1390.76","19"
"2017","Sergipe","boleto","3","March    ","346.78","6"
"2017","Sergipe","credit_card","3","March    ","1876.23","16"
"2017","Tocantins","boleto","3","March    ","189.98","3"
"2017","Tocantins","credit_card","3","March    ","342.79","3"
"2017","Tocantins","voucher","3","March    ","15.99","1"
"2017","AC","credit_card","4","April    ","1162.38","5"
"2017","Alagoas","boleto","4","April    ","540.00","2"
"2017","Alagoas","credit_card","4","April    ","3957.12","19"
"2017","Amazonas","credit_card","4","April    ","836.38","13"
"2017","Bahia","boleto","4","April    ","3614.06","16"
"2017","Bahia","credit_card","4","April    ","12920.82","65"
"2017","Bahia","voucher","4","April    ","189.85","2"
"2017","Ceará","boleto","4","April    ","83.84","3"
"2017","Ceará","credit_card","4","April    ","5326.09","38"
"2017","Ceará","voucher","4","April    ","72.90","1"
"2017","Distrito Federal","boleto","4","April    ","856.43","9"
"2017","Distrito Federal","credit_card","4","April    ","6078.76","24"
"2017","Espírito Santo","boleto","4","April    ","579.54","7"
"2017","Espírito Santo","credit_card","4","April    ","4671.07","37"
"2017","Espírito Santo","voucher","4","April    ","29.90","1"
"2017","Goiás","boleto","4","April    ","999.33","8"
"2017","Goiás","credit_card","4","April    ","3994.65","30"
"2017","Maranhão","boleto","4","April    ","659.71","8"
"2017","Maranhão","credit_card","4","April    ","2219.01","16"
"2017","Maranhão","voucher","4","April    ","89.90","1"
"2017","Mato Grosso","boleto","4","April    ","372.72","7"
"2017","Mato Grosso","credit_card","4","April    ","2793.35","18"
"2017","Mato Grosso do Sul","boleto","4","April    ","447.50","6"
"2017","Mato Grosso do Sul","credit_card","4","April    ","1343.66","9"
"2017","Minas Gerais","boleto","4","April    ","4326.76","43"
"2017","Minas Gerais","credit_card","4","April    ","30991.26","218"
"2017","Minas Gerais","voucher","4","April    ","297.78","5"
"2017","Pará","boleto","4","April    ","814.08","5"
"2017","Pará","credit_card","4","April    ","3660.21","30"
"2017","Paraíba","boleto","4","April    ","1222.89","8"
"2017","Paraíba","credit_card","4","April    ","1647.08","12"
"2017","Paraná","boleto","4","April    ","3243.18","29"
"2017","Paraná","credit_card","4","April    ","10403.12","78"
"2017","Paraná","debit_card","4","April    ","156.99","1"
"2017","Paraná","voucher","4","April    ","58.47","3"
"2017","Pernambuco","boleto","4","April    ","714.84","5"
"2017","Pernambuco","credit_card","4","April    ","2829.60","30"
"2017","Pernambuco","voucher","4","April    ","73.99","1"
"2017","Piauí","boleto","4","April    ","13.98","1"
"2017","Piauí","credit_card","4","April    ","2124.05","10"
"2017","Rio de Janeiro","boleto","4","April    ","9017.69","65"
"2017","Rio de Janeiro","credit_card","4","April    ","45237.45","247"
"2017","Rio de Janeiro","debit_card","4","April    ","115.79","3"
"2017","Rio de Janeiro","voucher","4","April    ","791.47","10"
"2017","Rio Grande do Norte","boleto","4","April    ","354.89","3"
"2017","Rio Grande do Norte","credit_card","4","April    ","643.39","6"
"2017","Rio Grande do Norte","voucher","4","April    ","99.99","1"
"2017","Rio Grande do Sul","boleto","4","April    ","3928.75","34"
"2017","Rio Grande do Sul","credit_card","4","April    ","10703.44","94"
"2017","Rio Grande do Sul","voucher","4","April    ","1619.80","4"
"2017","Rondônia","boleto","4","April    ","19.99","1"
"2017","Rondônia","credit_card","4","April    ","733.69","5"
"2017","RR","boleto","4","April    ","18.95","1"
"2017","RR","credit_card","4","April    ","30.00","1"
"2017","Santa Catarina","boleto","4","April    ","2410.78","30"
"2017","Santa Catarina","credit_card","4","April    ","7573.86","67"
"2017","Santa Catarina","debit_card","4","April    ","99.99","1"
"2017","Santa Catarina","voucher","4","April    ","61.90","2"
"2017","São Paulo","boleto","4","April    ","22349.09","176"
"2017","São Paulo","credit_card","4","April    ","92866.42","654"
"2017","São Paulo","debit_card","4","April    ","1563.46","19"
"2017","São Paulo","voucher","4","April    ","2376.42","23"
"2017","Sergipe","boleto","4","April    ","297.69","4"
"2017","Sergipe","credit_card","4","April    ","1847.58","9"
"2017","Tocantins","boleto","4","April    ","399.89","2"
"2017","Tocantins","credit_card","4","April    ","2044.48","10"
"2017","Tocantins","debit_card","4","April    ","259.90","1"
"2017","AC","boleto","5","May      ","822.00","2"
"2017","AC","credit_card","5","May      ","1272.39","6"
"2017","Alagoas","boleto","5","May      ","433.60","5"
"2017","Alagoas","credit_card","5","May      ","4237.75","21"
"2017","Amapá","boleto","5","May      ","705.99","2"
"2017","Amapá","credit_card","5","May      ","514.90","2"
"2017","Amazonas","boleto","5","May      ","314.99","2"
"2017","Amazonas","credit_card","5","May      ","701.78","6"
"2017","Bahia","boleto","5","May      ","2219.28","20"
"2017","Bahia","credit_card","5","May      ","12214.25","97"
"2017","Bahia","voucher","5","May      ","109.99","1"
"2017","Ceará","boleto","5","May      ","1938.19","14"
"2017","Ceará","credit_card","5","May      ","8374.28","48"
"2017","Distrito Federal","boleto","5","May      ","996.29","12"
"2017","Distrito Federal","credit_card","5","May      ","5100.61","41"
"2017","Distrito Federal","voucher","5","May      ","31.90","1"
"2017","Espírito Santo","boleto","5","May      ","1465.08","15"
"2017","Espírito Santo","credit_card","5","May      ","9693.29","70"
"2017","Espírito Santo","debit_card","5","May      ","44.90","1"
"2017","Espírito Santo","voucher","5","May      ","202.10","3"
"2017","Goiás","boleto","5","May      ","5714.93","23"
"2017","Goiás","credit_card","5","May      ","9878.69","58"
"2017","Goiás","debit_card","5","May      ","109.90","1"
"2017","Goiás","voucher","5","May      ","129.90","1"
"2017","Maranhão","boleto","5","May      ","1526.33","15"
"2017","Maranhão","credit_card","5","May      ","1627.95","15"
"2017","Maranhão","voucher","5","May      ","119.90","1"
"2017","Mato Grosso","boleto","5","May      ","2049.59","8"
"2017","Mato Grosso","credit_card","5","May      ","4524.63","28"
"2017","Mato Grosso","voucher","5","May      ","37.99","1"
"2017","Mato Grosso do Sul","boleto","5","May      ","404.50","3"
"2017","Mato Grosso do Sul","credit_card","5","May      ","2617.86","23"
"2017","Minas Gerais","boleto","5","May      ","10012.91","77"
"2017","Minas Gerais","credit_card","5","May      ","36557.41","326"
"2017","Minas Gerais","debit_card","5","May      ","12.90","1"
"2017","Minas Gerais","voucher","5","May      ","579.64","8"
"2017","Pará","boleto","5","May      ","270.68","5"
"2017","Pará","credit_card","5","May      ","4744.46","29"
"2017","Pará","voucher","5","May      ","389.00","1"
"2017","Paraíba","boleto","5","May      ","17.99","1"
"2017","Paraíba","credit_card","5","May      ","2654.24","16"
"2017","Paraná","boleto","5","May      ","5889.52","52"
"2017","Paraná","credit_card","5","May      ","21998.27","148"
"2017","Paraná","debit_card","5","May      ","349.99","1"
"2017","Paraná","voucher","5","May      ","314.07","5"
"2017","Pernambuco","boleto","5","May      ","2313.53","17"
"2017","Pernambuco","credit_card","5","May      ","6690.59","45"
"2017","Pernambuco","voucher","5","May      ","89.90","1"
"2017","Piauí","boleto","5","May      ","1688.94","6"
"2017","Piauí","credit_card","5","May      ","3330.58","17"
"2017","Rio de Janeiro","boleto","5","May      ","10255.38","67"
"2017","Rio de Janeiro","credit_card","5","May      ","55855.10","386"
"2017","Rio de Janeiro","debit_card","5","May      ","82.88","3"
"2017","Rio de Janeiro","voucher","5","May      ","1254.47","9"
"2017","Rio Grande do Norte","boleto","5","May      ","858.90","2"
"2017","Rio Grande do Norte","credit_card","5","May      ","3615.10","15"
"2017","Rio Grande do Sul","boleto","5","May      ","5313.76","50"
"2017","Rio Grande do Sul","credit_card","5","May      ","21766.04","153"
"2017","Rio Grande do Sul","debit_card","5","May      ","171.70","2"
"2017","Rio Grande do Sul","voucher","5","May      ","26.99","1"
"2017","Rondônia","boleto","5","May      ","193.49","4"
"2017","Rondônia","credit_card","5","May      ","357.97","4"
"2017","RR","credit_card","5","May      ","151.55","2"
"2017","Santa Catarina","boleto","5","May      ","4531.41","38"
"2017","Santa Catarina","credit_card","5","May      ","12842.25","104"
"2017","Santa Catarina","debit_card","5","May      ","49.90","1"
"2017","Santa Catarina","voucher","5","May      ","161.99","3"
"2017","São Paulo","boleto","5","May      ","35088.57","291"
"2017","São Paulo","credit_card","5","May      ","121458.05","1007"
"2017","São Paulo","debit_card","5","May      ","1368.83","19"
"2017","São Paulo","voucher","5","May      ","3805.99","45"
"2017","Sergipe","boleto","5","May      ","139.89","2"
"2017","Sergipe","credit_card","5","May      ","486.66","8"
"2017","Sergipe","voucher","5","May      ","16.04","1"
"2017","Tocantins","boleto","5","May      ","653.99","5"
"2017","Tocantins","credit_card","5","May      ","1309.44","12"
"2017","AC","credit_card","6","June     ","385.78","4"
"2017","Alagoas","boleto","6","June     ","202.89","2"
"2017","Alagoas","credit_card","6","June     ","748.76","8"
"2017","Amapá","boleto","6","June     ","199.80","1"
"2017","Amapá","credit_card","6","June     ","52.90","1"
"2017","Amazonas","credit_card","6","June     ","169.99","1"
"2017","Bahia","boleto","6","June     ","1771.23","18"
"2017","Bahia","credit_card","6","June     ","16493.12","81"
"2017","Bahia","voucher","6","June     ","480.09","4"
"2017","Ceará","boleto","6","June     ","3265.85","8"
"2017","Ceará","credit_card","6","June     ","6239.45","36"
"2017","Distrito Federal","boleto","6","June     ","940.37","14"
"2017","Distrito Federal","credit_card","6","June     ","4937.85","46"
"2017","Distrito Federal","voucher","6","June     ","56.99","1"
"2017","Espírito Santo","boleto","6","June     ","1323.96","14"
"2017","Espírito Santo","credit_card","6","June     ","8406.51","64"
"2017","Espírito Santo","voucher","6","June     ","110.00","1"
"2017","Goiás","boleto","6","June     ","2604.78","26"
"2017","Goiás","credit_card","6","June     ","5845.57","44"
"2017","Goiás","voucher","6","June     ","80.79","3"
"2017","Maranhão","boleto","6","June     ","29.00","1"
"2017","Maranhão","credit_card","6","June     ","1658.50","14"
"2017","Mato Grosso","boleto","6","June     ","638.22","8"
"2017","Mato Grosso","credit_card","6","June     ","3623.41","16"
"2017","Mato Grosso do Sul","boleto","6","June     ","576.94","6"
"2017","Mato Grosso do Sul","credit_card","6","June     ","2903.90","19"
"2017","Mato Grosso do Sul","debit_card","6","June     ","59.90","1"
"2017","Mato Grosso do Sul","voucher","6","June     ","27.90","1"
"2017","Minas Gerais","boleto","6","June     ","5827.34","64"
"2017","Minas Gerais","credit_card","6","June     ","38065.70","284"
"2017","Minas Gerais","debit_card","6","June     ","430.28","4"
"2017","Minas Gerais","voucher","6","June     ","39.89","2"
"2017","Pará","boleto","6","June     ","1002.74","10"
"2017","Pará","credit_card","6","June     ","4408.85","24"
"2017","Pará","voucher","6","June     ","84.89","2"
"2017","Paraíba","boleto","6","June     ","2615.76","7"
"2017","Paraíba","credit_card","6","June     ","2876.30","14"
"2017","Paraíba","voucher","6","June     ","90.00","1"
"2017","Paraná","boleto","6","June     ","4310.51","45"
"2017","Paraná","credit_card","6","June     ","16286.76","120"
"2017","Paraná","voucher","6","June     ","103.78","2"
"2017","Pernambuco","boleto","6","June     ","561.74","7"
"2017","Pernambuco","credit_card","6","June     ","4871.42","33"
"2017","Pernambuco","voucher","6","June     ","55.90","1"
"2017","Piauí","boleto","6","June     ","44.99","1"
"2017","Piauí","credit_card","6","June     ","2102.48","13"
"2017","Rio de Janeiro","boleto","6","June     ","9671.86","69"
"2017","Rio de Janeiro","credit_card","6","June     ","40317.66","312"
"2017","Rio de Janeiro","debit_card","6","June     ","582.94","5"
"2017","Rio de Janeiro","voucher","6","June     ","1547.06","13"
"2017","Rio Grande do Norte","boleto","6","June     ","146.49","2"
"2017","Rio Grande do Norte","credit_card","6","June     ","990.88","9"
"2017","Rio Grande do Norte","voucher","6","June     ","103.99","1"
"2017","Rio Grande do Sul","boleto","6","June     ","4844.47","61"
"2017","Rio Grande do Sul","credit_card","6","June     ","15455.55","150"
"2017","Rio Grande do Sul","debit_card","6","June     ","43.48","1"
"2017","Rio Grande do Sul","voucher","6","June     ","180.90","2"
"2017","Rondônia","boleto","6","June     ","228.89","2"
"2017","Rondônia","credit_card","6","June     ","1482.03","7"
"2017","Rondônia","voucher","6","June     ","90.00","1"
"2017","RR","boleto","6","June     ","76.90","2"
"2017","RR","credit_card","6","June     ","16.50","1"
"2017","Santa Catarina","boleto","6","June     ","2509.77","33"
"2017","Santa Catarina","credit_card","6","June     ","9297.50","72"
"2017","Santa Catarina","debit_card","6","June     ","171.90","1"
"2017","Santa Catarina","voucher","6","June     ","157.97","3"
"2017","São Paulo","boleto","6","June     ","35492.48","276"
"2017","São Paulo","credit_card","6","June     ","121515.99","957"
"2017","São Paulo","debit_card","6","June     ","650.85","14"
"2017","São Paulo","voucher","6","June     ","4208.64","36"
"2017","Sergipe","boleto","6","June     ","961.81","5"
"2017","Sergipe","credit_card","6","June     ","346.20","3"
"2017","Tocantins","boleto","6","June     ","850.50","3"
"2017","Tocantins","credit_card","6","June     ","3055.68","5"
"2017","AC","boleto","7","July     ","261.70","3"
"2017","AC","credit_card","7","July     ","356.99","2"
"2017","Alagoas","boleto","7","July     ","99.90","1"
"2017","Alagoas","credit_card","7","July     ","2139.04","14"
"2017","Amapá","credit_card","7","July     ","259.90","1"
"2017","Amazonas","credit_card","7","July     ","495.60","5"
"2017","Bahia","boleto","7","July     ","3452.91","31"
"2017","Bahia","credit_card","7","July     ","14671.34","112"
"2017","Bahia","voucher","7","July     ","56.99","1"
"2017","Ceará","boleto","7","July     ","1133.22","10"
"2017","Ceará","credit_card","7","July     ","6222.43","42"
"2017","Ceará","voucher","7","July     ","44.99","1"
"2017","Distrito Federal","boleto","7","July     ","913.04","12"
"2017","Distrito Federal","credit_card","7","July     ","7616.58","55"
"2017","Distrito Federal","debit_card","7","July     ","19.95","1"
"2017","Distrito Federal","voucher","7","July     ","24.90","1"
"2017","Espírito Santo","boleto","7","July     ","1671.34","20"
"2017","Espírito Santo","credit_card","7","July     ","4980.82","60"
"2017","Espírito Santo","voucher","7","July     ","23.40","1"
"2017","Goiás","boleto","7","July     ","1721.39","17"
"2017","Goiás","credit_card","7","July     ","6639.14","58"
"2017","Goiás","debit_card","7","July     ","106.90","1"
"2017","Goiás","voucher","7","July     ","49.99","1"
"2017","Maranhão","boleto","7","July     ","1300.78","9"
"2017","Maranhão","credit_card","7","July     ","4729.67","28"
"2017","Mato Grosso","boleto","7","July     ","1120.89","10"
"2017","Mato Grosso","credit_card","7","July     ","7789.09","27"
"2017","Mato Grosso do Sul","boleto","7","July     ","806.70","6"
"2017","Mato Grosso do Sul","credit_card","7","July     ","2616.46","17"
"2017","Mato Grosso do Sul","voucher","7","July     ","19.99","1"
"2017","Minas Gerais","boleto","7","July     ","8462.99","87"
"2017","Minas Gerais","credit_card","7","July     ","40533.74","339"
"2017","Minas Gerais","debit_card","7","July     ","17.68","1"
"2017","Minas Gerais","voucher","7","July     ","781.24","8"
"2017","Pará","boleto","7","July     ","1028.63","10"
"2017","Pará","credit_card","7","July     ","2887.04","26"
"2017","Paraíba","boleto","7","July     ","1082.59","8"
"2017","Paraíba","credit_card","7","July     ","1938.95","18"
"2017","Paraná","boleto","7","July     ","3087.18","37"
"2017","Paraná","credit_card","7","July     ","19115.32","147"
"2017","Paraná","voucher","7","July     ","668.22","11"
"2017","Pernambuco","boleto","7","July     ","982.61","9"
"2017","Pernambuco","credit_card","7","July     ","7402.74","58"
"2017","Pernambuco","voucher","7","July     ","60.39","2"
"2017","Piauí","boleto","7","July     ","196.58","3"
"2017","Piauí","credit_card","7","July     ","1705.43","17"
"2017","Rio de Janeiro","boleto","7","July     ","16759.51","101"
"2017","Rio de Janeiro","credit_card","7","July     ","52084.14","427"
"2017","Rio de Janeiro","debit_card","7","July     ","124.89","2"
"2017","Rio de Janeiro","voucher","7","July     ","1982.38","17"
"2017","Rio Grande do Norte","boleto","7","July     ","319.15","6"
"2017","Rio Grande do Norte","credit_card","7","July     ","2846.85","21"
"2017","Rio Grande do Sul","boleto","7","July     ","5583.64","62"
"2017","Rio Grande do Sul","credit_card","7","July     ","20496.08","168"
"2017","Rio Grande do Sul","debit_card","7","July     ","527.69","4"
"2017","Rio Grande do Sul","voucher","7","July     ","877.84","8"
"2017","Rondônia","boleto","7","July     ","144.90","2"
"2017","Rondônia","credit_card","7","July     ","938.82","8"
"2017","RR","credit_card","7","July     ","179.90","1"
"2017","Santa Catarina","boleto","7","July     ","2572.05","34"
"2017","Santa Catarina","credit_card","7","July     ","15018.89","116"
"2017","Santa Catarina","debit_card","7","July     ","31.90","1"
"2017","Santa Catarina","voucher","7","July     ","23.03","1"
"2017","São Paulo","boleto","7","July     ","30644.53","327"
"2017","São Paulo","credit_card","7","July     ","131563.30","1160"
"2017","São Paulo","debit_card","7","July     ","855.88","10"
"2017","São Paulo","voucher","7","July     ","3718.54","46"
"2017","Sergipe","boleto","7","July     ","424.60","5"
"2017","Sergipe","credit_card","7","July     ","778.49","6"
"2017","Sergipe","voucher","7","July     ","169.00","2"
"2017","Tocantins","credit_card","7","July     ","97.50","1"
"2017","AC","boleto","8","August   ","276.14","1"
"2017","AC","credit_card","8","August   ","361.79","3"
"2017","Alagoas","boleto","8","August   ","1449.89","3"
"2017","Alagoas","credit_card","8","August   ","6359.39","14"
"2017","Amapá","boleto","8","August   ","259.89","3"
"2017","Amazonas","credit_card","8","August   ","1276.60","5"
"2017","Bahia","boleto","8","August   ","3422.69","25"
"2017","Bahia","credit_card","8","August   ","20457.26","126"
"2017","Bahia","voucher","8","August   ","239.90","1"
"2017","Ceará","boleto","8","August   ","590.82","8"
"2017","Ceará","credit_card","8","August   ","8363.99","59"
"2017","Ceará","debit_card","8","August   ","259.00","1"
"2017","Ceará","voucher","8","August   ","80.89","3"
"2017","Distrito Federal","boleto","8","August   ","1733.92","15"
"2017","Distrito Federal","credit_card","8","August   ","6589.46","60"
"2017","Distrito Federal","voucher","8","August   ","49.99","1"
"2017","Espírito Santo","boleto","8","August   ","2451.85","19"
"2017","Espírito Santo","credit_card","8","August   ","9782.71","69"
"2017","Espírito Santo","voucher","8","August   ","447.70","6"
"2017","Goiás","boleto","8","August   ","1653.24","22"
"2017","Goiás","credit_card","8","August   ","9096.67","64"
"2017","Goiás","debit_card","8","August   ","99.97","1"
"2017","Goiás","voucher","8","August   ","46.99","2"
"2017","Maranhão","boleto","8","August   ","1771.48","9"
"2017","Maranhão","credit_card","8","August   ","4072.91","29"
"2017","Mato Grosso","boleto","8","August   ","1551.96","13"
"2017","Mato Grosso","credit_card","8","August   ","3805.99","25"
"2017","Mato Grosso do Sul","boleto","8","August   ","750.49","7"
"2017","Mato Grosso do Sul","credit_card","8","August   ","2466.23","17"
"2017","Minas Gerais","boleto","8","August   ","10087.20","99"
"2017","Minas Gerais","credit_card","8","August   ","45208.97","350"
"2017","Minas Gerais","debit_card","8","August   ","163.79","3"
"2017","Minas Gerais","voucher","8","August   ","652.32","7"
"2017","Pará","boleto","8","August   ","2514.56","15"
"2017","Pará","credit_card","8","August   ","12077.85","39"
"2017","Pará","voucher","8","August   ","108.00","3"
"2017","Paraíba","boleto","8","August   ","355.89","3"
"2017","Paraíba","credit_card","8","August   ","1687.98","13"
"2017","Paraná","boleto","8","August   ","5439.69","56"
"2017","Paraná","credit_card","8","August   ","20532.50","155"
"2017","Paraná","debit_card","8","August   ","95.70","3"
"2017","Paraná","voucher","8","August   ","605.78","6"
"2017","Pernambuco","boleto","8","August   ","1733.32","13"
"2017","Pernambuco","credit_card","8","August   ","10758.12","69"
"2017","Pernambuco","voucher","8","August   ","15.32","1"
"2017","Piauí","boleto","8","August   ","1002.36","6"
"2017","Piauí","credit_card","8","August   ","2625.24","13"
"2017","Piauí","voucher","8","August   ","79.90","1"
"2017","Rio de Janeiro","boleto","8","August   ","12436.10","108"
"2017","Rio de Janeiro","credit_card","8","August   ","57332.60","411"
"2017","Rio de Janeiro","debit_card","8","August   ","411.89","4"
"2017","Rio de Janeiro","voucher","8","August   ","894.46","12"
"2017","Rio Grande do Norte","boleto","8","August   ","743.04","4"
"2017","Rio Grande do Norte","credit_card","8","August   ","1419.17","13"
"2017","Rio Grande do Norte","debit_card","8","August   ","159.40","2"
"2017","Rio Grande do Sul","boleto","8","August   ","8635.36","88"
"2017","Rio Grande do Sul","credit_card","8","August   ","22530.72","197"
"2017","Rio Grande do Sul","debit_card","8","August   ","217.69","4"
"2017","Rio Grande do Sul","voucher","8","August   ","442.61","7"
"2017","Rondônia","boleto","8","August   ","1466.49","6"
"2017","Rondônia","credit_card","8","August   ","704.39","8"
"2017","Santa Catarina","boleto","8","August   ","4426.72","45"
"2017","Santa Catarina","credit_card","8","August   ","14658.10","104"
"2017","Santa Catarina","debit_card","8","August   ","75.00","1"
"2017","Santa Catarina","voucher","8","August   ","81.89","2"
"2017","São Paulo","boleto","8","August   ","33550.02","323"
"2017","São Paulo","credit_card","8","August   ","143489.54","1281"
"2017","São Paulo","debit_card","8","August   ","790.52","14"
"2017","São Paulo","voucher","8","August   ","2528.09","47"
"2017","Sergipe","boleto","8","August   ","521.87","5"
"2017","Sergipe","credit_card","8","August   ","2799.82","14"
"2017","Tocantins","boleto","8","August   ","1456.88","4"
"2017","Tocantins","credit_card","8","August   ","675.69","11"
"2017","AC","credit_card","9","September","1537.90","3"
"2017","AC","debit_card","9","September","248.99","2"
"2017","Alagoas","boleto","9","September","149.90","2"
"2017","Alagoas","credit_card","9","September","4155.49","17"
"2017","Amapá","boleto","9","September","89.90","1"
"2017","Amapá","credit_card","9","September","94.90","1"
"2017","Amazonas","boleto","9","September","473.70","3"
"2017","Amazonas","credit_card","9","September","418.68","6"
"2017","Bahia","boleto","9","September","3955.69","34"
"2017","Bahia","credit_card","9","September","17531.12","123"
"2017","Bahia","debit_card","9","September","64.94","2"
"2017","Bahia","voucher","9","September","738.67","8"
"2017","Ceará","boleto","9","September","3351.30","11"
"2017","Ceará","credit_card","9","September","10567.44","58"
"2017","Ceará","debit_card","9","September","35.00","1"
"2017","Ceará","voucher","9","September","253.80","3"
"2017","Distrito Federal","boleto","9","September","771.42","10"
"2017","Distrito Federal","credit_card","9","September","10005.13","77"
"2017","Distrito Federal","voucher","9","September","52.80","2"
"2017","Espírito Santo","boleto","9","September","1935.52","21"
"2017","Espírito Santo","credit_card","9","September","8509.43","68"
"2017","Espírito Santo","debit_card","9","September","97.80","2"
"2017","Espírito Santo","voucher","9","September","18.90","1"
"2017","Goiás","boleto","9","September","2370.03","19"
"2017","Goiás","credit_card","9","September","8931.39","61"
"2017","Goiás","debit_card","9","September","92.89","1"
"2017","Goiás","voucher","9","September","308.90","2"
"2017","Maranhão","boleto","9","September","2483.58","9"
"2017","Maranhão","credit_card","9","September","6666.07","32"
"2017","Mato Grosso","boleto","9","September","1967.11","14"
"2017","Mato Grosso","credit_card","9","September","4348.44","20"
"2017","Mato Grosso do Sul","boleto","9","September","1277.85","10"
"2017","Mato Grosso do Sul","credit_card","9","September","3624.86","22"
"2017","Minas Gerais","boleto","9","September","11338.57","107"
"2017","Minas Gerais","credit_card","9","September","52921.11","376"
"2017","Minas Gerais","debit_card","9","September","492.50","5"
"2017","Minas Gerais","voucher","9","September","211.79","4"
"2017","Pará","boleto","9","September","803.49","10"
"2017","Pará","credit_card","9","September","5209.21","29"
"2017","Pará","debit_card","9","September","36.00","1"
"2017","Pará","voucher","9","September","49.99","1"
"2017","Paraíba","boleto","9","September","381.00","5"
"2017","Paraíba","credit_card","9","September","3206.20","19"
"2017","Paraná","boleto","9","September","4050.47","37"
"2017","Paraná","credit_card","9","September","14340.76","136"
"2017","Paraná","voucher","9","September","107.90","3"
"2017","Pernambuco","boleto","9","September","1238.69","14"
"2017","Pernambuco","credit_card","9","September","10169.55","56"
"2017","Pernambuco","debit_card","9","September","299.99","1"
"2017","Pernambuco","voucher","9","September","98.99","3"
"2017","Piauí","boleto","9","September","386.89","5"
"2017","Piauí","credit_card","9","September","2329.54","16"
"2017","Piauí","voucher","9","September","65.90","1"
"2017","Rio de Janeiro","boleto","9","September","11127.44","108"
"2017","Rio de Janeiro","credit_card","9","September","63491.06","459"
"2017","Rio de Janeiro","debit_card","9","September","503.50","5"
"2017","Rio de Janeiro","voucher","9","September","1400.68","18"
"2017","Rio Grande do Norte","boleto","9","September","1033.78","5"
"2017","Rio Grande do Norte","credit_card","9","September","1588.26","17"
"2017","Rio Grande do Norte","debit_card","9","September","42.00","1"
"2017","Rio Grande do Sul","boleto","9","September","5693.00","61"
"2017","Rio Grande do Sul","credit_card","9","September","29006.65","205"
"2017","Rio Grande do Sul","debit_card","9","September","69.89","3"
"2017","Rio Grande do Sul","voucher","9","September","522.79","4"
"2017","Rondônia","boleto","9","September","1989.80","2"
"2017","Rondônia","credit_card","9","September","1955.29","14"
"2017","RR","credit_card","9","September","39.99","1"
"2017","Santa Catarina","boleto","9","September","3943.13","37"
"2017","Santa Catarina","credit_card","9","September","19871.17","113"
"2017","Santa Catarina","debit_card","9","September","259.90","1"
"2017","Santa Catarina","voucher","9","September","107.90","2"
"2017","São Paulo","boleto","9","September","34011.95","335"
"2017","São Paulo","credit_card","9","September","158481.96","1187"
"2017","São Paulo","debit_card","9","September","1495.40","18"
"2017","São Paulo","voucher","9","September","3945.21","35"
"2017","Sergipe","boleto","9","September","1142.70","5"
"2017","Sergipe","credit_card","9","September","1672.59","11"
"2017","Tocantins","boleto","9","September","869.90","2"
"2017","Tocantins","credit_card","9","September","2683.13","14"
"2017","AC","boleto","10","October  ","79.90","1"
"2017","AC","credit_card","10","October  ","603.32","4"
"2017","Alagoas","boleto","10","October  ","554.79","4"
"2017","Alagoas","credit_card","10","October  ","4331.17","24"
"2017","Amapá","boleto","10","October  ","109.90","1"
"2017","Amapá","credit_card","10","October  ","1481.95","2"
"2017","Amazonas","credit_card","10","October  ","70.88","3"
"2017","Bahia","boleto","10","October  ","2850.27","28"
"2017","Bahia","credit_card","10","October  ","19388.58","124"
"2017","Bahia","debit_card","10","October  ","373.79","3"
"2017","Bahia","voucher","10","October  ","127.89","3"
"2017","Ceará","boleto","10","October  ","2129.80","17"
"2017","Ceará","credit_card","10","October  ","9350.26","45"
"2017","Ceará","voucher","10","October  ","219.99","1"
"2017","Distrito Federal","boleto","10","October  ","2000.95","17"
"2017","Distrito Federal","credit_card","10","October  ","9037.60","66"
"2017","Distrito Federal","voucher","10","October  ","18.99","1"
"2017","Espírito Santo","boleto","10","October  ","1966.73","29"
"2017","Espírito Santo","credit_card","10","October  ","7286.69","64"
"2017","Espírito Santo","voucher","10","October  ","592.59","7"
"2017","Goiás","boleto","10","October  ","3165.46","24"
"2017","Goiás","credit_card","10","October  ","11285.01","80"
"2017","Goiás","voucher","10","October  ","119.80","2"
"2017","Maranhão","boleto","10","October  ","1297.59","15"
"2017","Maranhão","credit_card","10","October  ","7937.56","32"
"2017","Mato Grosso","boleto","10","October  ","965.49","8"
"2017","Mato Grosso","credit_card","10","October  ","7774.61","41"
"2017","Mato Grosso","voucher","10","October  ","199.99","1"
"2017","Mato Grosso do Sul","boleto","10","October  ","1848.79","6"
"2017","Mato Grosso do Sul","credit_card","10","October  ","3880.38","27"
"2017","Minas Gerais","boleto","10","October  ","11662.75","119"
"2017","Minas Gerais","credit_card","10","October  ","63060.43","405"
"2017","Minas Gerais","debit_card","10","October  ","455.50","5"
"2017","Minas Gerais","voucher","10","October  ","1217.72","13"
"2017","Pará","boleto","10","October  ","1575.88","13"
"2017","Pará","credit_card","10","October  ","4741.21","37"
"2017","Pará","voucher","10","October  ","105.99","2"
"2017","Paraíba","boleto","10","October  ","584.79","4"
"2017","Paraíba","credit_card","10","October  ","9651.71","24"
"2017","Paraná","boleto","10","October  ","3387.34","34"
"2017","Paraná","credit_card","10","October  ","25864.21","155"
"2017","Paraná","debit_card","10","October  ","345.88","5"
"2017","Paraná","voucher","10","October  ","310.88","4"
"2017","Pernambuco","boleto","10","October  ","1903.65","16"
"2017","Pernambuco","credit_card","10","October  ","14733.84","60"
"2017","Pernambuco","voucher","10","October  ","59.90","1"
"2017","Piauí","boleto","10","October  ","324.78","3"
"2017","Piauí","credit_card","10","October  ","3141.47","19"
"2017","Piauí","voucher","10","October  ","129.00","1"
"2017","Rio de Janeiro","boleto","10","October  ","10858.98","103"
"2017","Rio de Janeiro","credit_card","10","October  ","75904.58","529"
"2017","Rio de Janeiro","debit_card","10","October  ","703.29","5"
"2017","Rio de Janeiro","voucher","10","October  ","1086.39","14"
"2017","Rio Grande do Norte","boleto","10","October  ","204.84","3"
"2017","Rio Grande do Norte","credit_card","10","October  ","3578.65","19"
"2017","Rio Grande do Norte","debit_card","10","October  ","289.00","1"
"2017","Rio Grande do Sul","boleto","10","October  ","9887.31","67"
"2017","Rio Grande do Sul","credit_card","10","October  ","21952.53","171"
"2017","Rio Grande do Sul","debit_card","10","October  ","377.49","2"
"2017","Rio Grande do Sul","voucher","10","October  ","285.40","4"
"2017","Rondônia","boleto","10","October  ","123.90","2"
"2017","Rondônia","credit_card","10","October  ","1486.07","11"
"2017","RR","boleto","10","October  ","59.99","1"
"2017","RR","credit_card","10","October  ","328.99","2"
"2017","Santa Catarina","boleto","10","October  ","5011.13","49"
"2017","Santa Catarina","credit_card","10","October  ","14621.81","120"
"2017","Santa Catarina","debit_card","10","October  ","37.80","2"
"2017","Santa Catarina","voucher","10","October  ","603.99","3"
"2017","São Paulo","boleto","10","October  ","37287.37","384"
"2017","São Paulo","credit_card","10","October  ","158749.86","1273"
"2017","São Paulo","debit_card","10","October  ","2344.38","28"
"2017","São Paulo","voucher","10","October  ","3161.53","37"
"2017","Sergipe","boleto","10","October  ","207.80","2"
"2017","Sergipe","credit_card","10","October  ","4086.41","20"
"2017","Tocantins","boleto","10","October  ","312.98","3"
"2017","Tocantins","credit_card","10","October  ","2495.87","10"
"2017","AC","credit_card","11","November ","649.92","5"
"2017","Alagoas","boleto","11","November ","196.28","4"
"2017","Alagoas","credit_card","11","November ","4692.61","22"
"2017","Amapá","credit_card","11","November ","407.43","4"
"2017","Amazonas","boleto","11","November ","193.65","2"
"2017","Amazonas","credit_card","11","November ","2441.60","8"
"2017","Bahia","boleto","11","November ","5773.42","43"
"2017","Bahia","credit_card","11","November ","18357.49","195"
"2017","Bahia","debit_card","11","November ","49.00","1"
"2017","Bahia","voucher","11","November ","130.00","3"
"2017","Ceará","boleto","11","November ","3349.02","12"
"2017","Ceará","credit_card","11","November ","13608.87","86"
"2017","Ceará","debit_card","11","November ","156.10","4"
"2017","Ceará","voucher","11","November ","288.92","1"
"2017","Distrito Federal","boleto","11","November ","4563.21","24"
"2017","Distrito Federal","credit_card","11","November ","18422.68","120"
"2017","Espírito Santo","boleto","11","November ","2179.80","29"
"2017","Espírito Santo","credit_card","11","November ","20648.62","138"
"2017","Espírito Santo","debit_card","11","November ","13.65","1"
"2017","Goiás","boleto","11","November ","3843.98","35"
"2017","Goiás","credit_card","11","November ","15545.80","113"
"2017","Goiás","voucher","11","November ","282.39","4"
"2017","Maranhão","boleto","11","November ","3159.27","17"
"2017","Maranhão","credit_card","11","November ","6157.83","35"
"2017","Mato Grosso","boleto","11","November ","3120.23","22"
"2017","Mato Grosso","credit_card","11","November ","6935.94","50"
"2017","Mato Grosso do Sul","boleto","11","November ","391.48","9"
"2017","Mato Grosso do Sul","credit_card","11","November ","5135.20","33"
"2017","Mato Grosso do Sul","debit_card","11","November ","37.00","1"
"2017","Mato Grosso do Sul","voucher","11","November ","18.60","1"
"2017","Minas Gerais","boleto","11","November ","23516.04","183"
"2017","Minas Gerais","credit_card","11","November ","94816.16","721"
"2017","Minas Gerais","debit_card","11","November ","356.09","7"
"2017","Minas Gerais","voucher","11","November ","547.29","10"
"2017","Pará","boleto","11","November ","2770.92","13"
"2017","Pará","credit_card","11","November ","8314.75","55"
"2017","Pará","voucher","11","November ","29.00","1"
"2017","Paraíba","boleto","11","November ","367.90","3"
"2017","Paraíba","credit_card","11","November ","4029.69","24"
"2017","Paraná","boleto","11","November ","8759.87","84"
"2017","Paraná","credit_card","11","November ","32206.85","275"
"2017","Paraná","debit_card","11","November ","31.20","1"
"2017","Paraná","voucher","11","November ","131.16","5"
"2017","Pernambuco","boleto","11","November ","2167.96","20"
"2017","Pernambuco","credit_card","11","November ","15480.72","102"
"2017","Pernambuco","debit_card","11","November ","128.00","2"
"2017","Pernambuco","voucher","11","November ","48.90","1"
"2017","Piauí","boleto","11","November ","279.69","5"
"2017","Piauí","credit_card","11","November ","2152.13","25"
"2017","Rio de Janeiro","boleto","11","November ","18026.58","171"
"2017","Rio de Janeiro","credit_card","11","November ","116021.62","808"
"2017","Rio de Janeiro","debit_card","11","November ","1057.25","10"
"2017","Rio de Janeiro","voucher","11","November ","1629.08","22"
"2017","Rio Grande do Norte","boleto","11","November ","2615.88","8"
"2017","Rio Grande do Norte","credit_card","11","November ","5188.89","33"
"2017","Rio Grande do Sul","boleto","11","November ","8106.53","94"
"2017","Rio Grande do Sul","credit_card","11","November ","44212.37","310"
"2017","Rio Grande do Sul","debit_card","11","November ","24.99","1"
"2017","Rio Grande do Sul","voucher","11","November ","457.88","4"
"2017","Rondônia","boleto","11","November ","154.90","1"
"2017","Rondônia","credit_card","11","November ","5537.26","16"
"2017","RR","credit_card","11","November ","98.64","2"
"2017","Santa Catarina","boleto","11","November ","7528.21","79"
"2017","Santa Catarina","credit_card","11","November ","27326.76","204"
"2017","Santa Catarina","debit_card","11","November ","117.49","3"
"2017","Santa Catarina","voucher","11","November ","37.98","2"
"2017","São Paulo","boleto","11","November ","57509.09","569"
"2017","São Paulo","credit_card","11","November ","265898.16","2232"
"2017","São Paulo","debit_card","11","November ","2201.75","33"
"2017","São Paulo","voucher","11","November ","4199.43","63"
"2017","Sergipe","boleto","11","November ","1168.81","7"
"2017","Sergipe","credit_card","11","November ","3833.44","18"
"2017","Sergipe","debit_card","11","November ","78.00","1"
"2017","Tocantins","boleto","11","November ","404.00","4"
"2017","Tocantins","credit_card","11","November ","1625.16","13"
"2017","AC","boleto","12","December ","69.90","1"
"2017","AC","credit_card","12","December ","804.99","3"
"2017","AC","voucher","12","December ","47.90","1"
"2017","Alagoas","boleto","12","December ","304.90","2"
"2017","Alagoas","credit_card","12","December ","1918.97","10"
"2017","Amapá","boleto","12","December ","108.00","1"
"2017","Amapá","credit_card","12","December ","493.90","3"
"2017","Amazonas","credit_card","12","December ","1001.47","5"
"2017","Amazonas","voucher","12","December ","27.99","1"
"2017","Bahia","boleto","12","December ","2979.75","37"
"2017","Bahia","credit_card","12","December ","21145.97","144"
"2017","Bahia","debit_card","12","December ","115.00","2"
"2017","Bahia","voucher","12","December ","298.88","5"
"2017","Ceará","boleto","12","December ","996.34","12"
"2017","Ceará","credit_card","12","December ","7854.05","58"
"2017","Ceará","debit_card","12","December ","240.49","3"
"2017","Ceará","voucher","12","December ","1004.66","6"
"2017","Distrito Federal","boleto","12","December ","1614.63","21"
"2017","Distrito Federal","credit_card","12","December ","12177.58","92"
"2017","Distrito Federal","debit_card","12","December ","157.77","1"
"2017","Distrito Federal","voucher","12","December ","224.79","3"
"2017","Espírito Santo","boleto","12","December ","2512.44","28"
"2017","Espírito Santo","credit_card","12","December ","9557.93","80"
"2017","Goiás","boleto","12","December ","3006.91","31"
"2017","Goiás","credit_card","12","December ","12073.45","89"
"2017","Goiás","debit_card","12","December ","24.99","1"
"2017","Goiás","voucher","12","December ","216.70","4"
"2017","Maranhão","boleto","12","December ","692.72","9"
"2017","Maranhão","credit_card","12","December ","4409.44","29"
"2017","Maranhão","debit_card","12","December ","69.99","1"
"2017","Maranhão","voucher","12","December ","359.00","1"
"2017","Mato Grosso","boleto","12","December ","1449.56","11"
"2017","Mato Grosso","credit_card","12","December ","7462.74","36"
"2017","Mato Grosso","voucher","12","December ","45.90","1"
"2017","Mato Grosso do Sul","boleto","12","December ","1926.55","12"
"2017","Mato Grosso do Sul","credit_card","12","December ","2890.97","22"
"2017","Minas Gerais","boleto","12","December ","21478.65","141"
"2017","Minas Gerais","credit_card","12","December ","64333.13","513"
"2017","Minas Gerais","debit_card","12","December ","381.33","5"
"2017","Minas Gerais","voucher","12","December ","696.86","10"
"2017","Pará","boleto","12","December ","1250.64","12"
"2017","Pará","credit_card","12","December ","8659.89","45"
"2017","Pará","voucher","12","December ","129.90","1"
"2017","Paraíba","boleto","12","December ","680.79","5"
"2017","Paraíba","credit_card","12","December ","4467.07","30"
"2017","Paraíba","debit_card","12","December ","39.90","1"
"2017","Paraíba","voucher","12","December ","189.00","1"
"2017","Paraná","boleto","12","December ","4325.06","56"
"2017","Paraná","credit_card","12","December ","23808.73","195"
"2017","Paraná","debit_card","12","December ","244.70","4"
"2017","Paraná","voucher","12","December ","487.79","4"
"2017","Pernambuco","boleto","12","December ","1967.46","14"
"2017","Pernambuco","credit_card","12","December ","12613.92","84"
"2017","Pernambuco","debit_card","12","December ","259.89","2"
"2017","Pernambuco","voucher","12","December ","56.99","1"
"2017","Piauí","boleto","12","December ","1049.80","8"
"2017","Piauí","credit_card","12","December ","1518.12","15"
"2017","Rio de Janeiro","boleto","12","December ","20527.51","154"
"2017","Rio de Janeiro","credit_card","12","December ","84570.99","572"
"2017","Rio de Janeiro","debit_card","12","December ","1172.25","10"
"2017","Rio de Janeiro","voucher","12","December ","738.56","10"
"2017","Rio Grande do Norte","boleto","12","December ","313.70","5"
"2017","Rio Grande do Norte","credit_card","12","December ","2687.96","24"
"2017","Rio Grande do Norte","voucher","12","December ","74.99","1"
"2017","Rio Grande do Sul","boleto","12","December ","9624.95","71"
"2017","Rio Grande do Sul","credit_card","12","December ","29848.92","203"
"2017","Rio Grande do Sul","debit_card","12","December ","144.99","2"
"2017","Rio Grande do Sul","voucher","12","December ","401.55","2"
"2017","Rondônia","boleto","12","December ","154.59","4"
"2017","Rondônia","credit_card","12","December ","1745.09","7"
"2017","Santa Catarina","boleto","12","December ","4163.57","43"
"2017","Santa Catarina","credit_card","12","December ","18980.97","144"
"2017","Santa Catarina","debit_card","12","December ","85.89","2"
"2017","Santa Catarina","voucher","12","December ","287.76","3"
"2017","São Paulo","boleto","12","December ","44949.21","447"
"2017","São Paulo","credit_card","12","December ","208951.33","1778"
"2017","São Paulo","debit_card","12","December ","2526.01","28"
"2017","São Paulo","voucher","12","December ","3606.99","42"
"2017","Sergipe","boleto","12","December ","141.38","2"
"2017","Sergipe","credit_card","12","December ","2515.56","17"
"2017","Sergipe","voucher","12","December ","69.90","1"
"2017","Tocantins","boleto","12","December ","573.23","6"
"2017","Tocantins","credit_card","12","December ","703.79","7"
"2018","AC","boleto","1","January  ","655.80","3"
"2018","AC","credit_card","1","January  ","178.24","2"
"2018","AC","voucher","1","January  ","48.90","1"
"2018","Alagoas","boleto","1","January  ","1935.52","12"
"2018","Alagoas","credit_card","1","January  ","3073.76","24"
"2018","Amapá","boleto","1","January  ","247.64","3"
"2018","Amapá","credit_card","1","January  ","1416.92","7"
"2018","Amapá","voucher","1","January  ","49.99","1"
"2018","Amazonas","boleto","1","January  ","287.79","4"
"2018","Amazonas","credit_card","1","January  ","2637.86","8"
"2018","Bahia","boleto","1","January  ","3277.00","41"
"2018","Bahia","credit_card","1","January  ","29636.81","181"
"2018","Bahia","debit_card","1","January  ","110.00","1"
"2018","Bahia","voucher","1","January  ","180.70","5"
"2018","Ceará","boleto","1","January  ","1208.68","12"
"2018","Ceará","credit_card","1","January  ","8615.49","63"
"2018","Ceará","debit_card","1","January  ","140.00","1"
"2018","Ceará","voucher","1","January  ","686.21","1"
"2018","Distrito Federal","boleto","1","January  ","1201.76","16"
"2018","Distrito Federal","credit_card","1","January  ","14141.84","104"
"2018","Distrito Federal","voucher","1","January  ","123.40","3"
"2018","Espírito Santo","boleto","1","January  ","3175.35","26"
"2018","Espírito Santo","credit_card","1","January  ","15929.53","113"
"2018","Espírito Santo","debit_card","1","January  ","146.98","2"
"2018","Espírito Santo","voucher","1","January  ","248.90","2"
"2018","Goiás","boleto","1","January  ","2741.29","35"
"2018","Goiás","credit_card","1","January  ","12710.63","104"
"2018","Goiás","debit_card","1","January  ","49.90","1"
"2018","Goiás","voucher","1","January  ","289.58","4"
"2018","Maranhão","boleto","1","January  ","1979.26","15"
"2018","Maranhão","credit_card","1","January  ","6186.62","38"
"2018","Maranhão","debit_card","1","January  ","58.99","1"
"2018","Maranhão","voucher","1","January  ","49.80","1"
"2018","Mato Grosso","boleto","1","January  ","1965.77","25"
"2018","Mato Grosso","credit_card","1","January  ","8104.96","58"
"2018","Mato Grosso do Sul","boleto","1","January  ","2585.34","22"
"2018","Mato Grosso do Sul","credit_card","1","January  ","6873.31","44"
"2018","Mato Grosso do Sul","debit_card","1","January  ","157.79","2"
"2018","Mato Grosso do Sul","voucher","1","January  ","133.98","2"
"2018","Minas Gerais","boleto","1","January  ","17377.49","167"
"2018","Minas Gerais","credit_card","1","January  ","86463.01","652"
"2018","Minas Gerais","debit_card","1","January  ","1239.23","11"
"2018","Minas Gerais","voucher","1","January  ","1129.16","16"
"2018","Pará","boleto","1","January  ","3524.42","12"
"2018","Pará","credit_card","1","January  ","9444.86","54"
"2018","Pará","debit_card","1","January  ","98.00","2"
"2018","Pará","voucher","1","January  ","49.90","1"
"2018","Paraíba","boleto","1","January  ","349.80","3"
"2018","Paraíba","credit_card","1","January  ","6265.59","27"
"2018","Paraíba","voucher","1","January  ","145.00","1"
"2018","Paraná","boleto","1","January  ","9766.51","100"
"2018","Paraná","credit_card","1","January  ","28946.53","256"
"2018","Paraná","debit_card","1","January  ","484.34","9"
"2018","Paraná","voucher","1","January  ","929.68","6"
"2018","Pernambuco","boleto","1","January  ","2074.40","23"
"2018","Pernambuco","credit_card","1","January  ","11074.91","75"
"2018","Pernambuco","voucher","1","January  ","290.05","4"
"2018","Piauí","boleto","1","January  ","1353.28","9"
"2018","Piauí","credit_card","1","January  ","4931.01","35"
"2018","Piauí","debit_card","1","January  ","210.98","2"
"2018","Piauí","voucher","1","January  ","19.90","1"
"2018","Rio de Janeiro","boleto","1","January  ","12656.64","138"
"2018","Rio de Janeiro","credit_card","1","January  ","93037.79","679"
"2018","Rio de Janeiro","debit_card","1","January  ","1202.03","13"
"2018","Rio de Janeiro","voucher","1","January  ","2526.36","20"
"2018","Rio Grande do Norte","boleto","1","January  ","964.57","9"
"2018","Rio Grande do Norte","credit_card","1","January  ","4058.29","31"
"2018","Rio Grande do Norte","debit_card","1","January  ","325.00","1"
"2018","Rio Grande do Norte","voucher","1","January  ","89.00","1"
"2018","Rio Grande do Sul","boleto","1","January  ","11693.52","91"
"2018","Rio Grande do Sul","credit_card","1","January  ","30951.13","262"
"2018","Rio Grande do Sul","debit_card","1","January  ","662.27","7"
"2018","Rio Grande do Sul","voucher","1","January  ","642.12","7"
"2018","Rondônia","boleto","1","January  ","470.53","6"
"2018","Rondônia","credit_card","1","January  ","1636.24","14"
"2018","RR","credit_card","1","January  ","129.00","1"
"2018","Santa Catarina","boleto","1","January  ","6169.96","71"
"2018","Santa Catarina","credit_card","1","January  ","27575.65","229"
"2018","Santa Catarina","debit_card","1","January  ","463.89","4"
"2018","Santa Catarina","voucher","1","January  ","641.19","7"
"2018","São Paulo","boleto","1","January  ","63305.90","622"
"2018","São Paulo","credit_card","1","January  ","272349.36","2235"
"2018","São Paulo","debit_card","1","January  ","4015.19","51"
"2018","São Paulo","voucher","1","January  ","6955.69","67"
"2018","Sergipe","boleto","1","January  ","236.70","3"
"2018","Sergipe","credit_card","1","January  ","2765.70","15"
"2018","Sergipe","debit_card","1","January  ","35.90","1"
"2018","Tocantins","boleto","1","January  ","304.65","4"
"2018","Tocantins","credit_card","1","January  ","1521.42","12"
"2018","AC","boleto","2","February ","13.65","1"
"2018","AC","credit_card","2","February ","188.18","2"
"2018","Alagoas","boleto","2","February ","205.54","3"
"2018","Alagoas","credit_card","2","February ","4242.63","24"
"2018","Amapá","credit_card","2","February ","1007.90","2"
"2018","Amazonas","boleto","2","February ","1290.27","3"
"2018","Amazonas","credit_card","2","February ","454.36","4"
"2018","Amazonas","debit_card","2","February ","29.99","1"
"2018","Bahia","boleto","2","February ","4168.43","42"
"2018","Bahia","credit_card","2","February ","21652.17","157"
"2018","Bahia","debit_card","2","February ","159.70","3"
"2018","Bahia","voucher","2","February ","522.38","6"
"2018","Ceará","boleto","2","February ","1064.55","13"
"2018","Ceará","credit_card","2","February ","7878.37","70"
"2018","Ceará","debit_card","2","February ","172.20","1"
"2018","Distrito Federal","boleto","2","February ","3249.54","31"
"2018","Distrito Federal","credit_card","2","February ","15477.12","123"
"2018","Distrito Federal","voucher","2","February ","170.89","3"
"2018","Espírito Santo","boleto","2","February ","2753.38","34"
"2018","Espírito Santo","credit_card","2","February ","13097.39","111"
"2018","Espírito Santo","debit_card","2","February ","202.90","2"
"2018","Espírito Santo","voucher","2","February ","64.66","2"
"2018","Goiás","boleto","2","February ","2714.06","24"
"2018","Goiás","credit_card","2","February ","14138.68","118"
"2018","Goiás","voucher","2","February ","68.99","3"
"2018","Maranhão","boleto","2","February ","2057.84","16"
"2018","Maranhão","credit_card","2","February ","6640.08","38"
"2018","Maranhão","voucher","2","February ","189.99","1"
"2018","Mato Grosso","boleto","2","February ","2581.22","22"
"2018","Mato Grosso","credit_card","2","February ","5402.07","45"
"2018","Mato Grosso do Sul","boleto","2","February ","1844.59","13"
"2018","Mato Grosso do Sul","credit_card","2","February ","5562.01","49"
"2018","Mato Grosso do Sul","voucher","2","February ","205.00","2"
"2018","Minas Gerais","boleto","2","February ","22201.96","164"
"2018","Minas Gerais","credit_card","2","February ","77630.26","607"
"2018","Minas Gerais","debit_card","2","February ","248.17","6"
"2018","Minas Gerais","voucher","2","February ","1230.56","12"
"2018","Pará","boleto","2","February ","1452.87","16"
"2018","Pará","credit_card","2","February ","5882.58","40"
"2018","Pará","debit_card","2","February ","689.89","1"
"2018","Paraíba","boleto","2","February ","58.55","2"
"2018","Paraíba","credit_card","2","February ","4081.70","32"
"2018","Paraíba","voucher","2","February ","44.90","1"
"2018","Paraná","boleto","2","February ","10522.38","90"
"2018","Paraná","credit_card","2","February ","31093.06","235"
"2018","Paraná","debit_card","2","February ","228.13","5"
"2018","Paraná","voucher","2","February ","390.06","4"
"2018","Pernambuco","boleto","2","February ","1134.89","14"
"2018","Pernambuco","credit_card","2","February ","14618.76","101"
"2018","Pernambuco","debit_card","2","February ","370.80","2"
"2018","Pernambuco","voucher","2","February ","157.79","4"
"2018","Piauí","boleto","2","February ","490.67","8"
"2018","Piauí","credit_card","2","February ","2871.89","21"
"2018","Piauí","debit_card","2","February ","24.99","1"
"2018","Piauí","voucher","2","February ","59.90","1"
"2018","Rio de Janeiro","boleto","2","February ","14031.03","142"
"2018","Rio de Janeiro","credit_card","2","February ","86787.81","704"
"2018","Rio de Janeiro","debit_card","2","February ","904.31","9"
"2018","Rio de Janeiro","voucher","2","February ","2083.83","24"
"2018","Rio Grande do Norte","boleto","2","February ","490.88","4"
"2018","Rio Grande do Norte","credit_card","2","February ","2547.60","18"
"2018","Rio Grande do Norte","voucher","2","February ","99.90","1"
"2018","Rio Grande do Sul","boleto","2","February ","8395.90","92"
"2018","Rio Grande do Sul","credit_card","2","February ","33514.51","264"
"2018","Rio Grande do Sul","debit_card","2","February ","181.90","2"
"2018","Rio Grande do Sul","voucher","2","February ","233.20","4"
"2018","Rondônia","boleto","2","February ","132.89","3"
"2018","Rondônia","credit_card","2","February ","1288.59","9"
"2018","RR","boleto","2","February ","29.99","1"
"2018","RR","credit_card","2","February ","100.00","2"
"2018","Santa Catarina","boleto","2","February ","4150.31","45"
"2018","Santa Catarina","credit_card","2","February ","24924.54","206"
"2018","Santa Catarina","voucher","2","February ","442.80","3"
"2018","São Paulo","boleto","2","February ","48261.54","501"
"2018","São Paulo","credit_card","2","February ","228933.02","2054"
"2018","São Paulo","debit_card","2","February ","2217.89","34"
"2018","São Paulo","voucher","2","February ","4478.44","39"
"2018","Sergipe","boleto","2","February ","348.90","2"
"2018","Sergipe","credit_card","2","February ","3388.69","11"
"2018","Sergipe","voucher","2","February ","158.38","2"
"2018","Tocantins","boleto","2","February ","252.89","4"
"2018","Tocantins","credit_card","2","February ","2205.96","14"
"2018","Tocantins","debit_card","2","February ","134.90","1"
"2018","Tocantins","voucher","2","February ","41.90","1"
"2018","AC","boleto","3","March    ","69.90","1"
"2018","AC","credit_card","3","March    ","27.90","1"
"2018","Alagoas","boleto","3","March    ","590.18","5"
"2018","Alagoas","credit_card","3","March    ","5776.87","22"
"2018","Amapá","boleto","3","March    ","196.40","2"
"2018","Amapá","credit_card","3","March    ","338.99","3"
"2018","Amazonas","boleto","3","March    ","124.30","2"
"2018","Amazonas","credit_card","3","March    ","759.08","6"
"2018","Bahia","boleto","3","March    ","4341.37","47"
"2018","Bahia","credit_card","3","March    ","26176.81","179"
"2018","Bahia","debit_card","3","March    ","274.88","3"
"2018","Bahia","voucher","3","March    ","1025.17","6"
"2018","Ceará","boleto","3","March    ","2041.30","13"
"2018","Ceará","credit_card","3","March    ","13766.32","77"
"2018","Ceará","debit_card","3","March    ","14.99","1"
"2018","Ceará","voucher","3","March    ","214.90","2"
"2018","Distrito Federal","boleto","3","March    ","2804.18","26"
"2018","Distrito Federal","credit_card","3","March    ","14159.58","106"
"2018","Distrito Federal","debit_card","3","March    ","89.90","1"
"2018","Distrito Federal","voucher","3","March    ","722.30","3"
"2018","Espírito Santo","boleto","3","March    ","2823.66","22"
"2018","Espírito Santo","credit_card","3","March    ","13123.18","106"
"2018","Espírito Santo","voucher","3","March    ","596.50","5"
"2018","Goiás","boleto","3","March    ","3385.88","29"
"2018","Goiás","credit_card","3","March    ","12015.49","107"
"2018","Goiás","debit_card","3","March    ","224.00","1"
"2018","Goiás","voucher","3","March    ","204.87","3"
"2018","Maranhão","boleto","3","March    ","1858.62","6"
"2018","Maranhão","credit_card","3","March    ","5261.31","42"
"2018","Maranhão","debit_card","3","March    ","35.00","1"
"2018","Mato Grosso","boleto","3","March    ","1606.44","14"
"2018","Mato Grosso","credit_card","3","March    ","6124.72","36"
"2018","Mato Grosso","debit_card","3","March    ","219.90","2"
"2018","Mato Grosso do Sul","boleto","3","March    ","1874.57","16"
"2018","Mato Grosso do Sul","credit_card","3","March    ","4534.08","38"
"2018","Mato Grosso do Sul","voucher","3","March    ","98.88","3"
"2018","Minas Gerais","boleto","3","March    ","15234.43","166"
"2018","Minas Gerais","credit_card","3","March    ","92049.08","663"
"2018","Minas Gerais","debit_card","3","March    ","277.04","5"
"2018","Minas Gerais","voucher","3","March    ","1223.61","19"
"2018","Pará","boleto","3","March    ","2007.65","11"
"2018","Pará","credit_card","3","March    ","9622.81","56"
"2018","Paraíba","boleto","3","March    ","565.79","5"
"2018","Paraíba","credit_card","3","March    ","4783.71","32"
"2018","Paraíba","voucher","3","March    ","193.00","1"
"2018","Paraná","boleto","3","March    ","8629.87","80"
"2018","Paraná","credit_card","3","March    ","36269.65","274"
"2018","Paraná","debit_card","3","March    ","534.10","6"
"2018","Paraná","voucher","3","March    ","1222.60","7"
"2018","Pernambuco","boleto","3","March    ","2568.94","18"
"2018","Pernambuco","credit_card","3","March    ","18907.66","85"
"2018","Pernambuco","debit_card","3","March    ","14.99","1"
"2018","Pernambuco","voucher","3","March    ","276.98","2"
"2018","Piauí","boleto","3","March    ","486.08","4"
"2018","Piauí","credit_card","3","March    ","5591.21","30"
"2018","Rio de Janeiro","boleto","3","March    ","14814.29","140"
"2018","Rio de Janeiro","credit_card","3","March    ","87574.57","701"
"2018","Rio de Janeiro","debit_card","3","March    ","524.87","6"
"2018","Rio de Janeiro","voucher","3","March    ","1842.47","16"
"2018","Rio Grande do Norte","boleto","3","March    ","19.90","1"
"2018","Rio Grande do Norte","credit_card","3","March    ","5920.34","32"
"2018","Rio Grande do Norte","debit_card","3","March    ","100.80","2"
"2018","Rio Grande do Norte","voucher","3","March    ","1123.89","3"
"2018","Rio Grande do Sul","boleto","3","March    ","7493.01","76"
"2018","Rio Grande do Sul","credit_card","3","March    ","44964.17","322"
"2018","Rio Grande do Sul","debit_card","3","March    ","268.80","3"
"2018","Rio Grande do Sul","voucher","3","March    ","443.60","5"
"2018","Rondônia","boleto","3","March    ","401.99","3"
"2018","Rondônia","credit_card","3","March    ","2055.90","9"
"2018","Rondônia","debit_card","3","March    ","269.00","1"
"2018","RR","boleto","3","March    ","508.90","2"
"2018","RR","credit_card","3","March    ","1195.88","3"
"2018","Santa Catarina","boleto","3","March    ","5100.05","55"
"2018","Santa Catarina","credit_card","3","March    ","29292.47","191"
"2018","Santa Catarina","debit_card","3","March    ","82.00","1"
"2018","São Paulo","boleto","3","March    ","57298.10","558"
"2018","São Paulo","credit_card","3","March    ","287425.14","2317"
"2018","São Paulo","debit_card","3","March    ","3045.82","40"
"2018","São Paulo","voucher","3","March    ","3642.21","55"
"2018","Sergipe","boleto","3","March    ","269.89","2"
"2018","Sergipe","credit_card","3","March    ","2096.65","15"
"2018","Tocantins","boleto","3","March    ","976.09","8"
"2018","Tocantins","credit_card","3","March    ","3574.73","12"
"2018","AC","boleto","4","April    ","29.00","1"
"2018","AC","credit_card","4","April    ","393.98","3"
"2018","Alagoas","boleto","4","April    ","491.78","6"
"2018","Alagoas","credit_card","4","April    ","5375.55","20"
"2018","Alagoas","voucher","4","April    ","35.00","1"
"2018","Amapá","boleto","4","April    ","167.00","2"
"2018","Amapá","credit_card","4","April    ","455.80","3"
"2018","Amazonas","credit_card","4","April    ","667.79","6"
"2018","Bahia","boleto","4","April    ","3934.59","36"
"2018","Bahia","credit_card","4","April    ","25033.43","173"
"2018","Bahia","debit_card","4","April    ","59.90","1"
"2018","Bahia","voucher","4","April    ","419.89","5"
"2018","Ceará","boleto","4","April    ","567.93","8"
"2018","Ceará","credit_card","4","April    ","15371.52","85"
"2018","Ceará","debit_card","4","April    ","120.00","1"
"2018","Ceará","voucher","4","April    ","97.90","2"
"2018","Distrito Federal","boleto","4","April    ","1372.11","19"
"2018","Distrito Federal","credit_card","4","April    ","14312.37","111"
"2018","Distrito Federal","debit_card","4","April    ","42.89","2"
"2018","Distrito Federal","voucher","4","April    ","49.76","1"
"2018","Espírito Santo","boleto","4","April    ","2161.56","30"
"2018","Espírito Santo","credit_card","4","April    ","12313.01","108"
"2018","Espírito Santo","debit_card","4","April    ","29.99","1"
"2018","Goiás","boleto","4","April    ","3622.47","26"
"2018","Goiás","credit_card","4","April    ","12888.60","102"
"2018","Goiás","debit_card","4","April    ","279.00","1"
"2018","Goiás","voucher","4","April    ","1499.00","2"
"2018","Maranhão","boleto","4","April    ","1060.26","8"
"2018","Maranhão","credit_card","4","April    ","6820.67","38"
"2018","Mato Grosso","boleto","4","April    ","1253.76","12"
"2018","Mato Grosso","credit_card","4","April    ","9879.14","52"
"2018","Mato Grosso do Sul","boleto","4","April    ","1888.75","12"
"2018","Mato Grosso do Sul","credit_card","4","April    ","3439.66","27"
"2018","Mato Grosso do Sul","voucher","4","April    ","256.54","4"
"2018","Minas Gerais","boleto","4","April    ","16828.50","135"
"2018","Minas Gerais","credit_card","4","April    ","85510.25","617"
"2018","Minas Gerais","debit_card","4","April    ","1123.59","11"
"2018","Minas Gerais","voucher","4","April    ","863.28","15"
"2018","Pará","boleto","4","April    ","2421.34","13"
"2018","Pará","credit_card","4","April    ","7740.27","50"
"2018","Pará","debit_card","4","April    ","129.90","1"
"2018","Pará","voucher","4","April    ","84.89","2"
"2018","Paraíba","boleto","4","April    ","179.99","2"
"2018","Paraíba","credit_card","4","April    ","3601.57","22"
"2018","Paraíba","debit_card","4","April    ","25.99","1"
"2018","Paraíba","voucher","4","April    ","337.80","3"
"2018","Paraná","boleto","4","April    ","8829.82","74"
"2018","Paraná","credit_card","4","April    ","50858.64","292"
"2018","Paraná","debit_card","4","April    ","295.54","6"
"2018","Paraná","voucher","4","April    ","384.79","6"
"2018","Pernambuco","boleto","4","April    ","1886.47","15"
"2018","Pernambuco","credit_card","4","April    ","13638.20","89"
"2018","Pernambuco","debit_card","4","April    ","278.90","2"
"2018","Pernambuco","voucher","4","April    ","479.37","4"
"2018","Piauí","boleto","4","April    ","948.90","6"
"2018","Piauí","credit_card","4","April    ","8033.34","27"
"2018","Piauí","debit_card","4","April    ","14.90","1"
"2018","Rio de Janeiro","boleto","4","April    ","13673.74","125"
"2018","Rio de Janeiro","credit_card","4","April    ","93104.32","644"
"2018","Rio de Janeiro","debit_card","4","April    ","1130.25","13"
"2018","Rio de Janeiro","voucher","4","April    ","2081.61","25"
"2018","Rio Grande do Norte","boleto","4","April    ","1724.91","6"
"2018","Rio Grande do Norte","credit_card","4","April    ","4016.93","26"
"2018","Rio Grande do Sul","boleto","4","April    ","10184.95","96"
"2018","Rio Grande do Sul","credit_card","4","April    ","37803.22","243"
"2018","Rio Grande do Sul","debit_card","4","April    ","62.80","2"
"2018","Rio Grande do Sul","voucher","4","April    ","217.20","4"
"2018","Rondônia","boleto","4","April    ","377.30","3"
"2018","Rondônia","credit_card","4","April    ","3122.47","8"
"2018","RR","boleto","4","April    ","699.00","1"
"2018","RR","credit_card","4","April    ","13.65","1"
"2018","Santa Catarina","boleto","4","April    ","6641.55","52"
"2018","Santa Catarina","credit_card","4","April    ","33719.72","185"
"2018","Santa Catarina","debit_card","4","April    ","270.19","3"
"2018","Santa Catarina","voucher","4","April    ","498.70","5"
"2018","São Paulo","boleto","4","April    ","63254.62","565"
"2018","São Paulo","credit_card","4","April    ","295626.80","2336"
"2018","São Paulo","debit_card","4","April    ","4297.12","47"
"2018","São Paulo","voucher","4","April    ","4076.45","52"
"2018","Sergipe","boleto","4","April    ","188.54","3"
"2018","Sergipe","credit_card","4","April    ","2920.88","10"
"2018","Tocantins","boleto","4","April    ","435.49","4"
"2018","Tocantins","credit_card","4","April    ","3537.53","15"
"2018","AC","boleto","5","May      ","839.99","1"
"2018","AC","credit_card","5","May      ","524.90","1"
"2018","Alagoas","boleto","5","May      ","1012.74","4"
"2018","Alagoas","credit_card","5","May      ","2644.35","15"
"2018","Amapá","boleto","5","May      ","126.00","1"
"2018","Amapá","credit_card","5","May      ","679.78","5"
"2018","Amazonas","boleto","5","May      ","174.25","3"
"2018","Amazonas","credit_card","5","May      ","1637.55","6"
"2018","Bahia","boleto","5","May      ","4859.11","37"
"2018","Bahia","credit_card","5","May      ","27111.52","192"
"2018","Bahia","debit_card","5","May      ","29.99","1"
"2018","Bahia","voucher","5","May      ","574.47","6"
"2018","Ceará","boleto","5","May      ","389.58","5"
"2018","Ceará","credit_card","5","May      ","11505.98","67"
"2018","Distrito Federal","boleto","5","May      ","1915.36","20"
"2018","Distrito Federal","credit_card","5","May      ","20879.05","108"
"2018","Distrito Federal","voucher","5","May      ","194.31","2"
"2018","Espírito Santo","boleto","5","May      ","3417.33","26"
"2018","Espírito Santo","credit_card","5","May      ","13157.45","101"
"2018","Espírito Santo","debit_card","5","May      ","139.80","2"
"2018","Espírito Santo","voucher","5","May      ","178.99","3"
"2018","Goiás","boleto","5","May      ","4328.14","24"
"2018","Goiás","credit_card","5","May      ","16926.35","108"
"2018","Goiás","debit_card","5","May      ","268.90","2"
"2018","Goiás","voucher","5","May      ","99.49","1"
"2018","Maranhão","boleto","5","May      ","3589.06","7"
"2018","Maranhão","credit_card","5","May      ","3339.98","25"
"2018","Mato Grosso","boleto","5","May      ","667.53","11"
"2018","Mato Grosso","credit_card","5","May      ","11013.24","54"
"2018","Mato Grosso","voucher","5","May      ","14.99","1"
"2018","Mato Grosso do Sul","boleto","5","May      ","1022.08","10"
"2018","Mato Grosso do Sul","credit_card","5","May      ","8638.09","34"
"2018","Minas Gerais","boleto","5","May      ","13747.11","134"
"2018","Minas Gerais","credit_card","5","May      ","78088.81","604"
"2018","Minas Gerais","debit_card","5","May      ","142.89","2"
"2018","Minas Gerais","voucher","5","May      ","1526.52","11"
"2018","Pará","boleto","5","May      ","1995.60","7"
"2018","Pará","credit_card","5","May      ","5014.14","31"
"2018","Pará","debit_card","5","May      ","18.00","1"
"2018","Pará","voucher","5","May      ","39.90","1"
"2018","Paraíba","boleto","5","May      ","2433.67","10"
"2018","Paraíba","credit_card","5","May      ","2216.88","17"
"2018","Paraíba","debit_card","5","May      ","119.90","1"
"2018","Paraíba","voucher","5","May      ","14.99","1"
"2018","Paraná","boleto","5","May      ","6262.70","50"
"2018","Paraná","credit_card","5","May      ","35905.91","250"
"2018","Paraná","debit_card","5","May      ","111.63","2"
"2018","Paraná","voucher","5","May      ","412.09","6"
"2018","Pernambuco","boleto","5","May      ","2395.22","12"
"2018","Pernambuco","credit_card","5","May      ","10651.19","89"
"2018","Piauí","boleto","5","May      ","777.79","5"
"2018","Piauí","credit_card","5","May      ","4650.62","22"
"2018","Piauí","debit_card","5","May      ","110.00","1"
"2018","Piauí","voucher","5","May      ","59.90","1"
"2018","Rio de Janeiro","boleto","5","May      ","19120.97","137"
"2018","Rio de Janeiro","credit_card","5","May      ","90426.59","660"
"2018","Rio de Janeiro","debit_card","5","May      ","4789.69","6"
"2018","Rio de Janeiro","voucher","5","May      ","893.93","12"
"2018","Rio Grande do Norte","boleto","5","May      ","644.89","4"
"2018","Rio Grande do Norte","credit_card","5","May      ","3352.75","17"
"2018","Rio Grande do Norte","voucher","5","May      ","159.49","1"
"2018","Rio Grande do Sul","boleto","5","May      ","8842.05","88"
"2018","Rio Grande do Sul","credit_card","5","May      ","35606.20","256"
"2018","Rio Grande do Sul","voucher","5","May      ","1769.69","6"
"2018","Rondônia","boleto","5","May      ","563.77","5"
"2018","Rondônia","credit_card","5","May      ","1609.58","12"
"2018","RR","credit_card","5","May      ","89.90","1"
"2018","Santa Catarina","boleto","5","May      ","4395.42","45"
"2018","Santa Catarina","credit_card","5","May      ","28402.98","177"
"2018","Santa Catarina","voucher","5","May      ","678.80","4"
"2018","São Paulo","boleto","5","May      ","62101.53","587"
"2018","São Paulo","credit_card","5","May      ","325203.90","2470"
"2018","São Paulo","debit_card","5","May      ","2652.44","31"
"2018","São Paulo","voucher","5","May      ","4792.80","49"
"2018","Sergipe","credit_card","5","May      ","998.18","8"
"2018","Tocantins","boleto","5","May      ","432.68","5"
"2018","Tocantins","credit_card","5","May      ","2307.31","11"
"2018","AC","boleto","6","June     ","119.00","1"
"2018","AC","credit_card","6","June     ","308.90","2"
"2018","Alagoas","boleto","6","June     ","150.00","1"
"2018","Alagoas","credit_card","6","June     ","3316.71","21"
"2018","Alagoas","voucher","6","June     ","49.90","1"
"2018","Amapá","credit_card","6","June     ","167.48","2"
"2018","Amazonas","credit_card","6","June     ","797.82","7"
"2018","Bahia","boleto","6","June     ","4088.87","37"
"2018","Bahia","credit_card","6","June     ","26500.61","146"
"2018","Bahia","debit_card","6","June     ","493.74","5"
"2018","Bahia","voucher","6","June     ","422.71","10"
"2018","Ceará","boleto","6","June     ","1071.49","8"
"2018","Ceará","credit_card","6","June     ","14260.17","58"
"2018","Ceará","debit_card","6","June     ","232.90","2"
"2018","Ceará","voucher","6","June     ","211.02","4"
"2018","Distrito Federal","boleto","6","June     ","1681.58","21"
"2018","Distrito Federal","credit_card","6","June     ","14168.35","116"
"2018","Distrito Federal","debit_card","6","June     ","59.74","2"
"2018","Distrito Federal","voucher","6","June     ","1689.00","1"
"2018","Espírito Santo","boleto","6","June     ","1956.78","15"
"2018","Espírito Santo","credit_card","6","June     ","13872.16","101"
"2018","Espírito Santo","debit_card","6","June     ","339.74","5"
"2018","Espírito Santo","voucher","6","June     ","224.90","2"
"2018","Goiás","boleto","6","June     ","2492.61","22"
"2018","Goiás","credit_card","6","June     ","11184.17","78"
"2018","Goiás","debit_card","6","June     ","212.40","1"
"2018","Goiás","voucher","6","June     ","134.89","2"
"2018","Maranhão","boleto","6","June     ","1200.46","11"
"2018","Maranhão","credit_card","6","June     ","4585.03","28"
"2018","Maranhão","debit_card","6","June     ","44.99","1"
"2018","Maranhão","voucher","6","June     ","79.00","1"
"2018","Mato Grosso","boleto","6","June     ","1159.45","10"
"2018","Mato Grosso","credit_card","6","June     ","6853.74","47"
"2018","Mato Grosso","debit_card","6","June     ","45.50","1"
"2018","Mato Grosso do Sul","boleto","6","June     ","2231.44","13"
"2018","Mato Grosso do Sul","credit_card","6","June     ","5660.83","32"
"2018","Mato Grosso do Sul","debit_card","6","June     ","569.69","4"
"2018","Minas Gerais","boleto","6","June     ","15936.30","135"
"2018","Minas Gerais","credit_card","6","June     ","80282.88","548"
"2018","Minas Gerais","debit_card","6","June     ","4073.41","24"
"2018","Minas Gerais","voucher","6","June     ","504.45","7"
"2018","Pará","boleto","6","June     ","1819.43","13"
"2018","Pará","credit_card","6","June     ","6275.31","35"
"2018","Pará","debit_card","6","June     ","405.89","2"
"2018","Pará","voucher","6","June     ","303.88","3"
"2018","Paraíba","boleto","6","June     ","198.31","4"
"2018","Paraíba","credit_card","6","June     ","10287.03","21"
"2018","Paraíba","debit_card","6","June     ","1768.49","3"
"2018","Paraná","boleto","6","June     ","5722.43","60"
"2018","Paraná","credit_card","6","June     ","31911.00","234"
"2018","Paraná","debit_card","6","June     ","2652.09","7"
"2018","Paraná","voucher","6","June     ","244.65","4"
"2018","Pernambuco","boleto","6","June     ","1656.68","13"
"2018","Pernambuco","credit_card","6","June     ","11775.12","75"
"2018","Pernambuco","debit_card","6","June     ","111.90","2"
"2018","Pernambuco","voucher","6","June     ","91.55","1"
"2018","Piauí","boleto","6","June     ","1209.59","8"
"2018","Piauí","credit_card","6","June     ","3408.62","19"
"2018","Piauí","debit_card","6","June     ","29.99","1"
"2018","Piauí","voucher","6","June     ","197.50","1"
"2018","Rio de Janeiro","boleto","6","June     ","9573.26","94"
"2018","Rio de Janeiro","credit_card","6","June     ","78728.56","579"
"2018","Rio de Janeiro","debit_card","6","June     ","4178.37","20"
"2018","Rio de Janeiro","voucher","6","June     ","1169.15","13"
"2018","Rio Grande do Norte","boleto","6","June     ","738.37","5"
"2018","Rio Grande do Norte","credit_card","6","June     ","5705.19","29"
"2018","Rio Grande do Sul","boleto","6","June     ","7913.78","71"
"2018","Rio Grande do Sul","credit_card","6","June     ","29679.80","216"
"2018","Rio Grande do Sul","debit_card","6","June     ","4050.79","10"
"2018","Rio Grande do Sul","voucher","6","June     ","971.85","6"
"2018","Rondônia","boleto","6","June     ","868.99","3"
"2018","Rondônia","credit_card","6","June     ","789.58","7"
"2018","Rondônia","debit_card","6","June     ","239.00","1"
"2018","RR","boleto","6","June     ","259.90","1"
"2018","RR","credit_card","6","June     ","720.64","4"
"2018","Santa Catarina","boleto","6","June     ","3935.45","39"
"2018","Santa Catarina","credit_card","6","June     ","24160.77","154"
"2018","Santa Catarina","debit_card","6","June     ","1992.60","9"
"2018","Santa Catarina","voucher","6","June     ","89.31","3"
"2018","São Paulo","boleto","6","June     ","48177.09","493"
"2018","São Paulo","credit_card","6","June     ","252906.07","2115"
"2018","São Paulo","debit_card","6","June     ","8503.44","78"
"2018","São Paulo","voucher","6","June     ","3587.57","49"
"2018","Sergipe","boleto","6","June     ","265.58","5"
"2018","Sergipe","credit_card","6","June     ","2361.24","19"
"2018","Tocantins","boleto","6","June     ","656.98","3"
"2018","Tocantins","credit_card","6","June     ","2712.75","13"
"2018","Tocantins","voucher","6","June     ","478.89","2"
"2018","AC","credit_card","7","July     ","1070.47","4"
"2018","Alagoas","boleto","7","July     ","828.90","3"
"2018","Alagoas","credit_card","7","July     ","2890.45","17"
"2018","Alagoas","debit_card","7","July     ","136.98","2"
"2018","Amapá","boleto","7","July     ","39.00","1"
"2018","Amapá","credit_card","7","July     ","1311.84","5"
"2018","Amazonas","boleto","7","July     ","140.30","2"
"2018","Amazonas","credit_card","7","July     ","1470.71","15"
"2018","Amazonas","debit_card","7","July     ","76.00","1"
"2018","Bahia","boleto","7","July     ","4902.59","42"
"2018","Bahia","credit_card","7","July     ","33713.46","183"
"2018","Bahia","debit_card","7","July     ","1823.52","12"
"2018","Bahia","voucher","7","July     ","329.26","8"
"2018","Ceará","boleto","7","July     ","2595.88","16"
"2018","Ceará","credit_card","7","July     ","8443.84","63"
"2018","Ceará","debit_card","7","July     ","852.90","4"
"2018","Ceará","voucher","7","July     ","14.90","1"
"2018","Distrito Federal","boleto","7","July     ","3339.07","35"
"2018","Distrito Federal","credit_card","7","July     ","16849.25","109"
"2018","Distrito Federal","debit_card","7","July     ","693.19","7"
"2018","Distrito Federal","voucher","7","July     ","102.89","2"
"2018","Espírito Santo","boleto","7","July     ","10981.69","27"
"2018","Espírito Santo","credit_card","7","July     ","12419.06","86"
"2018","Espírito Santo","debit_card","7","July     ","788.02","7"
"2018","Espírito Santo","voucher","7","July     ","41.79","2"
"2018","Goiás","boleto","7","July     ","2410.17","19"
"2018","Goiás","credit_card","7","July     ","14307.54","85"
"2018","Goiás","debit_card","7","July     ","1113.22","5"
"2018","Goiás","voucher","7","July     ","107.89","2"
"2018","Maranhão","boleto","7","July     ","1160.78","9"
"2018","Maranhão","credit_card","7","July     ","3774.71","29"
"2018","Mato Grosso","boleto","7","July     ","2824.35","15"
"2018","Mato Grosso","credit_card","7","July     ","6476.43","31"
"2018","Mato Grosso","voucher","7","July     ","19.99","1"
"2018","Mato Grosso do Sul","boleto","7","July     ","639.49","8"
"2018","Mato Grosso do Sul","credit_card","7","July     ","5658.44","38"
"2018","Mato Grosso do Sul","debit_card","7","July     ","290.10","3"
"2018","Minas Gerais","boleto","7","July     ","15112.41","124"
"2018","Minas Gerais","credit_card","7","July     ","65186.68","485"
"2018","Minas Gerais","debit_card","7","July     ","6140.06","20"
"2018","Minas Gerais","voucher","7","July     ","1335.48","14"
"2018","Pará","boleto","7","July     ","3564.57","17"
"2018","Pará","credit_card","7","July     ","8754.98","36"
"2018","Pará","debit_card","7","July     ","269.79","2"
"2018","Pará","voucher","7","July     ","506.80","2"
"2018","Paraíba","boleto","7","July     ","3987.64","9"
"2018","Paraíba","credit_card","7","July     ","9297.04","38"
"2018","Paraíba","debit_card","7","July     ","509.00","4"
"2018","Paraná","boleto","7","July     ","8755.67","47"
"2018","Paraná","credit_card","7","July     ","33520.97","259"
"2018","Paraná","debit_card","7","July     ","466.70","6"
"2018","Paraná","voucher","7","July     ","104.90","2"
"2018","Pernambuco","boleto","7","July     ","3621.20","22"
"2018","Pernambuco","credit_card","7","July     ","19759.27","110"
"2018","Pernambuco","debit_card","7","July     ","125.50","2"
"2018","Pernambuco","voucher","7","July     ","91.67","2"
"2018","Piauí","boleto","7","July     ","240.78","4"
"2018","Piauí","credit_card","7","July     ","6432.85","25"
"2018","Piauí","debit_card","7","July     ","259.84","3"
"2018","Rio de Janeiro","boleto","7","July     ","12888.55","117"
"2018","Rio de Janeiro","credit_card","7","July     ","71432.07","534"
"2018","Rio de Janeiro","debit_card","7","July     ","4370.01","22"
"2018","Rio de Janeiro","voucher","7","July     ","1737.85","21"
"2018","Rio Grande do Norte","boleto","7","July     ","491.69","4"
"2018","Rio Grande do Norte","credit_card","7","July     ","7651.94","24"
"2018","Rio Grande do Norte","voucher","7","July     ","32.00","1"
"2018","Rio Grande do Sul","boleto","7","July     ","5985.71","75"
"2018","Rio Grande do Sul","credit_card","7","July     ","28158.56","210"
"2018","Rio Grande do Sul","debit_card","7","July     ","2089.13","19"
"2018","Rio Grande do Sul","voucher","7","July     ","278.12","4"
"2018","Rondônia","boleto","7","July     ","144.49","2"
"2018","Rondônia","credit_card","7","July     ","4221.54","13"
"2018","Rondônia","voucher","7","July     ","137.77","1"
"2018","RR","boleto","7","July     ","168.00","1"
"2018","RR","credit_card","7","July     ","908.80","4"
"2018","Santa Catarina","boleto","7","July     ","4099.75","41"
"2018","Santa Catarina","credit_card","7","July     ","22745.49","145"
"2018","Santa Catarina","debit_card","7","July     ","1663.86","8"
"2018","Santa Catarina","voucher","7","July     ","189.99","1"
"2018","São Paulo","boleto","7","July     ","49566.35","541"
"2018","São Paulo","credit_card","7","July     ","239014.51","2029"
"2018","São Paulo","debit_card","7","July     ","9466.34","104"
"2018","São Paulo","voucher","7","July     ","4582.27","38"
"2018","Sergipe","boleto","7","July     ","682.89","6"
"2018","Sergipe","credit_card","7","July     ","2561.56","18"
"2018","Sergipe","debit_card","7","July     ","1074.90","2"
"2018","Tocantins","boleto","7","July     ","872.17","10"
"2018","Tocantins","credit_card","7","July     ","1582.02","11"
"2018","Tocantins","debit_card","7","July     ","69.99","1"
"2018","AC","credit_card","8","August   ","446.69","3"
"2018","Alagoas","credit_card","8","August   ","1886.28","15"
"2018","Alagoas","debit_card","8","August   ","367.00","1"
"2018","Amapá","credit_card","8","August   ","194.00","2"
"2018","Amazonas","credit_card","8","August   ","380.70","4"
"2018","Bahia","boleto","8","August   ","2093.71","22"
"2018","Bahia","credit_card","8","August   ","16672.45","117"
"2018","Bahia","debit_card","8","August   ","1422.61","14"
"2018","Bahia","voucher","8","August   ","223.39","5"
"2018","Ceará","boleto","8","August   ","1241.47","10"
"2018","Ceará","credit_card","8","August   ","7822.68","43"
"2018","Ceará","debit_card","8","August   ","139.99","1"
"2018","Distrito Federal","boleto","8","August   ","2641.59","24"
"2018","Distrito Federal","credit_card","8","August   ","13597.65","98"
"2018","Distrito Federal","debit_card","8","August   ","162.88","3"
"2018","Distrito Federal","voucher","8","August   ","75.78","2"
"2018","Espírito Santo","boleto","8","August   ","1185.18","16"
"2018","Espírito Santo","credit_card","8","August   ","12726.79","82"
"2018","Espírito Santo","debit_card","8","August   ","2138.89","2"
"2018","Espírito Santo","voucher","8","August   ","300.87","2"
"2018","Goiás","boleto","8","August   ","1452.73","16"
"2018","Goiás","credit_card","8","August   ","15342.48","95"
"2018","Goiás","debit_card","8","August   ","336.39","6"
"2018","Maranhão","boleto","8","August   ","1786.75","11"
"2018","Maranhão","credit_card","8","August   ","2357.55","18"
"2018","Mato Grosso","boleto","8","August   ","932.75","12"
"2018","Mato Grosso","credit_card","8","August   ","3406.79","27"
"2018","Mato Grosso do Sul","boleto","8","August   ","512.76","7"
"2018","Mato Grosso do Sul","credit_card","8","August   ","4872.87","28"
"2018","Minas Gerais","boleto","8","August   ","11920.66","133"
"2018","Minas Gerais","credit_card","8","August   ","76180.56","529"
"2018","Minas Gerais","debit_card","8","August   ","2654.91","21"
"2018","Minas Gerais","voucher","8","August   ","1333.50","17"
"2018","Pará","boleto","8","August   ","665.70","7"
"2018","Pará","credit_card","8","August   ","6899.63","32"
"2018","Pará","debit_card","8","August   ","907.75","4"
"2018","Paraíba","boleto","8","August   ","844.71","6"
"2018","Paraíba","credit_card","8","August   ","4462.27","18"
"2018","Paraíba","debit_card","8","August   ","2307.00","3"
"2018","Paraíba","voucher","8","August   ","55.65","1"
"2018","Paraná","boleto","8","August   ","7023.49","71"
"2018","Paraná","credit_card","8","August   ","26090.80","234"
"2018","Paraná","debit_card","8","August   ","2605.54","13"
"2018","Paraná","voucher","8","August   ","645.89","8"
"2018","Pernambuco","boleto","8","August   ","1723.02","15"
"2018","Pernambuco","credit_card","8","August   ","9169.79","64"
"2018","Pernambuco","debit_card","8","August   ","492.12","3"
"2018","Piauí","boleto","8","August   ","800.14","4"
"2018","Piauí","credit_card","8","August   ","2070.19","15"
"2018","Piauí","debit_card","8","August   ","52.90","1"
"2018","Rio de Janeiro","boleto","8","August   ","8230.41","104"
"2018","Rio de Janeiro","credit_card","8","August   ","76768.87","574"
"2018","Rio de Janeiro","debit_card","8","August   ","4574.67","35"
"2018","Rio de Janeiro","voucher","8","August   ","881.28","10"
"2018","Rio Grande do Norte","boleto","8","August   ","273.89","3"
"2018","Rio Grande do Norte","credit_card","8","August   ","4652.69","15"
"2018","Rio Grande do Norte","debit_card","8","August   ","309.79","2"
"2018","Rio Grande do Sul","boleto","8","August   ","6319.75","64"
"2018","Rio Grande do Sul","credit_card","8","August   ","29705.56","215"
"2018","Rio Grande do Sul","debit_card","8","August   ","1266.57","10"
"2018","Rio Grande do Sul","voucher","8","August   ","485.69","4"
"2018","Rondônia","boleto","8","August   ","1635.90","3"
"2018","Rondônia","credit_card","8","August   ","1066.88","5"
"2018","Santa Catarina","boleto","8","August   ","4910.04","32"
"2018","Santa Catarina","credit_card","8","August   ","24958.91","162"
"2018","Santa Catarina","debit_card","8","August   ","563.69","5"
"2018","Santa Catarina","voucher","8","August   ","221.45","2"
"2018","São Paulo","boleto","8","August   ","52138.52","549"
"2018","São Paulo","credit_card","8","August   ","296029.38","2427"
"2018","São Paulo","debit_card","8","August   ","17801.49","143"
"2018","São Paulo","voucher","8","August   ","3582.23","45"
"2018","Sergipe","boleto","8","August   ","1809.32","4"
"2018","Sergipe","credit_card","8","August   ","2529.72","18"
"2018","Sergipe","debit_card","8","August   ","219.00","1"
"2018","Tocantins","boleto","8","August   ","367.88","4"
"2018","Tocantins","credit_card","8","August   ","1206.29","7"
"2018","Tocantins","debit_card","8","August   ","179.90","1"
"2018","Tocantins","voucher","8","August   ","171.90","1"
